ID,date,from,day_recorded,month_recorded,dnoregion,regionid,intensity_forecast,intensity_index,biomass,coal,imports,gas,nuclear,other,hydro,solar,wind
0,2023-12-29,23:30,Friday,December,Scottish Hydro Electric Power Distribution,1,0,very low,0.0,0.0,0.0,0.0,0.0,0,18.9,0.0,81.1
1,2023-12-29,23:30,Friday,December,SP Distribution,2,9,very low,0.7,0.0,0.0,2.2,23.9,0,10.5,0.0,62.7
2,2023-12-29,23:30,Friday,December,Electricity North West,3,5,very low,0.8,0.0,2.0,0.9,50.9,0,1.6,0.0,43.7
3,2023-12-29,23:30,Friday,December,NPG North East,4,10,very low,6.2,0.0,17.1,0.3,61.4,0,1.3,0.0,13.6
4,2023-12-29,23:30,Friday,December,NPG Yorkshire,5,69,low,22.1,0.0,2.6,10.6,8.2,0,0.2,0.0,56.3
5,2023-12-29,23:30,Friday,December,SP Manweb,6,3,very low,0.4,0.0,0.6,0.7,21.6,0,5.2,0.0,71.4
6,2023-12-29,23:30,Friday,December,WPD South Wales,7,104,low,1.2,0.6,0.7,24.4,16.7,0,1.3,0.0,55.1
7,2023-12-29,23:30,Friday,December,WPD West Midlands,8,27,very low,2.7,1.3,1.4,3.0,31.6,0,2.5,0.0,57.5
8,2023-12-29,23:30,Friday,December,WPD East Midlands,9,115,low,11.2,5.7,1.6,12.2,7.8,0,0.1,0.0,61.4
9,2023-12-29,23:30,Friday,December,UKPN East,10,38,very low,0.0,0.0,3.7,8.9,24.3,0,0.0,0.0,63.1
10,2023-12-29,23:30,Friday,December,WPD South West,11,227,high,2.3,1.1,7.7,53.7,4.6,0,0.8,0.0,29.7
11,2023-12-29,23:30,Friday,December,SSE South,12,121,moderate,4.4,1.9,14.5,24.1,7.3,0,1.4,0.0,46.4
12,2023-12-29,23:30,Friday,December,UKPN London,13,48,low,0.0,0.0,19.8,10.8,14.0,0,1.2,0.0,54.2
13,2023-12-29,23:30,Friday,December,UKPN South East,14,60,low,0.0,0.0,44.2,13.1,2.4,0,2.8,0.0,37.6
14,2023-12-29,23:30,Friday,December,England,15,64,low,4.5,1.1,11.9,11.4,21.2,0,1.1,0.0,48.8
15,2023-12-29,23:30,Friday,December,Scotland,16,8,very low,0.6,0.0,0.0,1.8,17.0,0,11.6,0.0,69.1
16,2023-12-29,23:30,Friday,December,Wales,17,47,low,0.2,0.0,0.0,11.9,4.7,0,11.2,0.0,72.1
17,2023-12-29,23:30,Friday,December,GB,18,56,low,3.8,0.9,9.7,10.3,19.6,0,3.0,0.0,52.7
18,2023-12-30,00:00,Saturday,December,Scottish Hydro Electric Power Distribution,1,0,very low,0.0,0.0,0.0,0.0,0.0,0,18.3,0.0,81.7
19,2023-12-30,00:00,Saturday,December,SP Distribution,2,9,very low,0.7,0.0,0.0,2.1,21.6,0,10.4,0.1,65.2
20,2023-12-30,00:00,Saturday,December,Electricity North West,3,4,very low,0.9,0.0,2.3,0.6,52.0,0,1.6,0.0,42.6
21,2023-12-30,00:00,Saturday,December,NPG North East,4,11,very low,6.9,0.0,19.3,0.3,60.0,0,1.2,0.1,12.2
22,2023-12-30,00:00,Saturday,December,NPG Yorkshire,5,67,low,22.1,0.0,2.3,10.2,6.7,0,0.1,0.0,58.4
23,2023-12-30,00:00,Saturday,December,SP Manweb,6,3,very low,0.4,0.0,0.7,0.6,22.2,0,4.9,0.0,71.1
24,2023-12-30,00:00,Saturday,December,WPD South Wales,7,106,low,1.4,0.8,0.8,24.6,17.5,0,1.2,0.1,53.6
25,2023-12-30,00:00,Saturday,December,WPD West Midlands,8,31,very low,2.8,1.4,1.6,3.4,31.4,0,2.3,0.0,57.0
26,2023-12-30,00:00,Saturday,December,WPD East Midlands,9,112,low,9.3,5.5,1.7,12.2,7.8,0,0.1,0.1,63.3
27,2023-12-30,00:00,Saturday,December,UKPN East,10,36,very low,0.0,0.0,4.2,8.3,23.7,0,0.0,0.0,63.8
28,2023-12-30,00:00,Saturday,December,WPD South West,11,203,high,2.0,1.1,11.8,47.7,4.0,0,0.8,0.0,32.6
29,2023-12-30,00:00,Saturday,December,SSE South,12,122,moderate,3.2,1.6,18.8,25.0,6.1,0,1.3,0.0,43.9
30,2023-12-30,00:00,Saturday,December,UKPN London,13,47,low,0.0,0.0,22.2,10.3,13.4,0,1.2,0.0,52.9
31,2023-12-30,00:00,Saturday,December,UKPN South East,14,60,low,0.0,0.0,47.3,12.8,1.9,0,2.8,0.1,35.1
32,2023-12-30,00:00,Saturday,December,England,15,61,low,4.5,1.1,12.1,10.9,21.1,0,1.0,0.0,49.3
33,2023-12-30,00:00,Saturday,December,Scotland,16,7,very low,0.5,0.0,0.0,1.6,15.6,0,14.2,0.0,68.1
34,2023-12-30,00:00,Saturday,December,Wales,17,66,low,0.2,0.0,0.0,16.6,5.0,0,4.5,0.0,73.7
35,2023-12-30,00:00,Saturday,December,GB,18,55,low,3.7,0.9,9.8,10.1,19.4,0,2.9,0.0,53.2
36,2023-12-30,00:30,Saturday,December,Scottish Hydro Electric Power Distribution,1,0,very low,0.0,0.0,0.0,0.0,0.0,0,19.1,0.0,80.9
37,2023-12-30,00:30,Saturday,December,SP Distribution,2,9,very low,0.6,0.0,0.0,2.1,21.7,0,10.9,0.0,64.7
38,2023-12-30,00:30,Saturday,December,Electricity North West,3,4,very low,1.2,0.0,2.2,0.7,54.0,0,1.7,0.0,40.2
39,2023-12-30,00:30,Saturday,December,NPG North East,4,11,very low,7.4,0.0,19.3,0.2,59.8,0,1.0,0.0,12.3
40,2023-12-30,00:30,Saturday,December,NPG Yorkshire,5,68,low,22.6,0.0,1.6,10.4,6.1,0,0.1,0.0,59.2
41,2023-12-30,00:30,Saturday,December,SP Manweb,6,3,very low,0.5,0.0,0.7,0.7,23.7,0,5.0,0.0,69.4
42,2023-12-30,00:30,Saturday,December,WPD South Wales,7,100,low,1.8,0.9,1.2,22.7,18.0,0,1.3,0.0,54.2
43,2023-12-30,00:30,Saturday,December,WPD West Midlands,8,33,very low,3.1,1.5,2.1,3.5,31.0,0,2.1,0.0,56.6
44,2023-12-30,00:30,Saturday,December,WPD East Midlands,9,103,low,8.3,5.4,3.3,10.3,7.5,0,0.0,0.0,65.2
45,2023-12-30,00:30,Saturday,December,UKPN East,10,41,low,0.0,0.0,10.4,8.2,21.0,0,0.0,0.0,60.3
46,2023-12-30,00:30,Saturday,December,WPD South West,11,204,high,1.5,1.0,14.7,47.8,3.8,0,0.8,0.0,30.4
47,2023-12-30,00:30,Saturday,December,SSE South,12,132,moderate,2.3,1.5,23.0,27.5,6.2,0,1.2,0.0,38.2
48,2023-12-30,00:30,Saturday,December,UKPN London,13,48,low,0.0,0.0,26.6,9.7,14.1,0,1.1,0.0,48.6
49,2023-12-30,00:30,Saturday,December,UKPN South East,14,58,low,0.0,0.0,49.8,11.8,2.7,0,2.9,0.0,32.7
50,2023-12-30,00:30,Saturday,December,England,15,62,low,4.6,1.1,12.0,10.7,21.4,0,1.0,0.0,49.2
51,2023-12-30,00:30,Saturday,December,Scotland,16,7,very low,0.5,0.0,0.0,1.6,16.0,0,15.2,0.0,66.7
52,2023-12-30,00:30,Saturday,December,Wales,17,67,low,0.2,0.0,0.0,17.1,5.6,0,5.4,0.0,71.8
53,2023-12-30,00:30,Saturday,December,GB,18,55,low,3.8,0.9,9.7,9.9,19.7,0,3.1,0.0,52.9
54,2023-12-30,01:00,Saturday,December,Scottish Hydro Electric Power Distribution,1,0,very low,0.0,0.0,0.0,0.0,0.0,0,18.2,0.0,81.8
55,2023-12-30,01:00,Saturday,December,SP Distribution,2,9,very low,0.7,0.0,0.0,2.1,22.5,0,10.5,0.4,63.9
56,2023-12-30,01:00,Saturday,December,Electricity North West,3,5,very low,1.6,0.0,2.8,0.8,56.9,0,1.6,0.4,35.9
57,2023-12-30,01:00,Saturday,December,NPG North East,4,11,very low,7.8,0.0,20.2,0.2,61.5,0,0.5,0.7,9.1
58,2023-12-30,01:00,Saturday,December,NPG Yorkshire,5,64,low,22.4,0.0,2.0,9.5,6.0,0,0.0,0.1,60.0
59,2023-12-30,01:00,Saturday,December,SP Manweb,6,4,very low,0.7,0.0,1.0,0.8,25.7,0,5.5,0.3,66.2
60,2023-12-30,01:00,Saturday,December,WPD South Wales,7,107,low,2.0,1.1,1.5,23.9,18.7,0,1.3,0.2,51.4
61,2023-12-30,01:00,Saturday,December,WPD West Midlands,8,38,very low,3.3,1.9,2.4,3.8,32.8,0,2.2,0.3,53.3
62,2023-12-30,01:00,Saturday,December,WPD East Midlands,9,114,low,8.1,6.3,3.3,10.9,6.8,0,0.0,0.0,64.5
63,2023-12-30,01:00,Saturday,December,UKPN East,10,43,low,0.0,0.0,10.3,8.9,19.9,0,0.0,0.0,60.9
64,2023-12-30,01:00,Saturday,December,WPD South West,11,194,moderate,1.5,1.3,14.7,44.7,4.4,0,0.7,0.2,32.6
65,2023-12-30,01:00,Saturday,December,SSE South,12,130,moderate,2.3,2.0,22.1,26.0,7.3,0,1.1,0.2,38.9
66,2023-12-30,01:00,Saturday,December,UKPN London,13,45,low,0.0,0.0,25.3,9.0,15.5,0,1.0,0.1,49.1
67,2023-12-30,01:00,Saturday,December,UKPN South East,14,49,low,0.0,0.0,48.6,9.6,4.5,0,2.9,0.3,34.1
68,2023-12-30,01:00,Saturday,December,England,15,62,low,4.6,1.2,12.2,10.3,21.6,0,1.0,0.1,48.9
69,2023-12-30,01:00,Saturday,December,Scotland,16,7,very low,0.5,0.0,0.0,1.6,16.3,0,15.1,0.6,65.9
70,2023-12-30,01:00,Saturday,December,Wales,17,80,low,0.2,0.0,0.0,20.2,6.4,0,6.2,0.2,66.8
71,2023-12-30,01:00,Saturday,December,GB,18,57,low,3.8,1.0,9.8,9.8,20.0,0,3.2,0.2,52.2
72,2023-12-30,01:30,Saturday,December,Scottish Hydro Electric Power Distribution,1,0,very low,0.0,0.0,0.0,0.0,0.0,0,15.9,0.0,84.1
73,2023-12-30,01:30,Saturday,December,SP Distribution,2,11,very low,0.8,0.0,0.0,2.6,23.0,0,9.2,0.0,64.5
74,2023-12-30,01:30,Saturday,December,Electricity North West,3,11,very low,2.4,0.0,5.5,1.9,60.7,0,1.4,0.0,28.0
75,2023-12-30,01:30,Saturday,December,NPG North East,4,11,very low,7.9,0.0,28.5,0.0,58.7,0,0.1,0.0,4.8
76,2023-12-30,01:30,Saturday,December,NPG Yorkshire,5,69,low,21.5,0.0,3.2,11.0,4.8,0,0.0,0.0,59.5
77,2023-12-30,01:30,Saturday,December,SP Manweb,6,8,very low,1.0,0.0,1.8,1.8,27.2,0,5.7,0.0,62.4
78,2023-12-30,01:30,Saturday,December,WPD South Wales,7,143,moderate,2.2,1.1,2.0,32.9,19.0,0,1.2,0.0,41.5
79,2023-12-30,01:30,Saturday,December,WPD West Midlands,8,42,low,3.9,2.1,3.7,4.4,33.7,0,2.2,0.0,49.9
80,2023-12-30,01:30,Saturday,December,WPD East Midlands,9,114,low,8.8,6.6,2.9,10.1,5.9,0,0.0,0.0,65.7
81,2023-12-30,01:30,Saturday,December,UKPN East,10,44,low,0.0,0.0,8.0,9.5,19.7,0,0.0,0.0,62.8
82,2023-12-30,01:30,Saturday,December,WPD South West,11,213,high,1.8,1.4,8.5,49.4,4.2,0,0.7,0.0,34.0
83,2023-12-30,01:30,Saturday,December,SSE South,12,142,moderate,3.0,2.3,13.9,28.6,7.4,0,1.1,0.0,43.7
84,2023-12-30,01:30,Saturday,December,UKPN London,13,47,low,0.0,0.0,17.1,10.1,16.6,0,0.9,0.0,55.3
85,2023-12-30,01:30,Saturday,December,UKPN South East,14,56,low,0.0,0.0,35.8,11.8,6.5,0,3.1,0.0,42.9
86,2023-12-30,01:30,Saturday,December,England,15,68,low,4.8,1.3,10.3,11.9,21.8,0,1.1,0.0,48.8
87,2023-12-30,01:30,Saturday,December,Scotland,16,7,very low,0.5,0.0,0.0,1.7,17.0,0,15.9,0.0,64.8
88,2023-12-30,01:30,Saturday,December,Wales,17,86,low,0.2,0.0,0.0,21.7,6.4,0,7.7,0.0,64.0
89,2023-12-30,01:30,Saturday,December,GB,18,62,low,4.0,1.1,8.4,11.2,20.2,0,3.3,0.0,51.8
90,2023-12-30,02:00,Saturday,December,Scottish Hydro Electric Power Distribution,1,0,very low,0.0,0.0,0.0,0.0,0.0,0,14.6,0.0,85.4
91,2023-12-30,02:00,Saturday,December,SP Distribution,2,12,very low,0.8,0.0,0.0,2.7,24.8,0,8.0,0.3,63.3
92,2023-12-30,02:00,Saturday,December,Electricity North West,3,10,very low,3.0,0.0,6.0,1.6,63.5,0,1.2,0.1,24.7
93,2023-12-30,02:00,Saturday,December,NPG North East,4,12,very low,8.3,0.0,28.7,0.0,58.5,0,0.1,0.0,4.4
94,2023-12-30,02:00,Saturday,December,NPG Yorkshire,5,70,low,22.3,0.0,2.7,10.9,3.8,0,0.0,0.0,60.3
95,2023-12-30,02:00,Saturday,December,SP Manweb,6,9,very low,1.3,0.0,2.2,1.7,31.7,0,5.8,0.1,57.2
96,2023-12-30,02:00,Saturday,December,WPD South Wales,7,143,moderate,2.6,1.5,2.2,31.7,20.1,0,1.1,0.4,40.3
97,2023-12-30,02:00,Saturday,December,WPD West Midlands,8,48,low,4.6,2.5,3.9,4.5,34.8,0,1.9,0.1,47.5
98,2023-12-30,02:00,Saturday,December,WPD East Midlands,9,118,low,9.2,7.0,2.6,10.2,5.6,0,0.0,0.1,65.2
99,2023-12-30,02:00,Saturday,December,UKPN East,10,44,low,0.0,0.0,7.9,9.6,19.7,0,0.0,0.1,62.7
100,2023-12-30,02:00,Saturday,December,WPD South West,11,199,moderate,2.1,1.3,8.0,46.3,3.7,0,0.5,1.1,37.0
101,2023-12-30,02:00,Saturday,December,SSE South,12,142,moderate,3.4,2.4,12.8,28.3,6.8,0,0.9,0.4,45.0
102,2023-12-30,02:00,Saturday,December,UKPN London,13,46,low,0.0,0.0,15.7,9.8,17.0,0,0.7,0.2,56.7
103,2023-12-30,02:00,Saturday,December,UKPN South East,14,52,low,0.0,0.0,34.2,10.8,7.3,0,2.6,0.2,44.9
104,2023-12-30,02:00,Saturday,December,England,15,65,low,5.0,1.0,10.4,11.7,22.4,0,1.0,0.0,48.3
105,2023-12-30,02:00,Saturday,December,Scotland,16,8,very low,0.6,0.0,0.0,1.8,17.8,0,14.9,0.8,64.1
106,2023-12-30,02:00,Saturday,December,Wales,17,86,low,0.2,0.0,0.0,21.8,6.9,0,8.5,1.4,61.2
107,2023-12-30,02:00,Saturday,December,GB,18,61,low,4.2,0.9,8.5,11.1,20.9,0,3.2,0.2,51.0
108,2023-12-30,02:30,Saturday,December,Scottish Hydro Electric Power Distribution,1,0,very low,0.0,0.0,0.0,0.0,0.0,0,12.4,0.0,87.6
109,2023-12-30,02:30,Saturday,December,SP Distribution,2,11,very low,0.8,0.0,0.0,2.7,26.6,0,6.7,0.0,63.3
110,2023-12-30,02:30,Saturday,December,Electricity North West,3,12,very low,3.7,0.0,4.2,1.9,67.1,0,0.9,0.0,22.3
111,2023-12-30,02:30,Saturday,December,NPG North East,4,13,very low,9.3,0.0,22.0,0.0,64.0,0,0.0,0.0,4.8
112,2023-12-30,02:30,Saturday,December,NPG Yorkshire,5,70,low,22.9,0.0,1.2,10.8,2.8,0,0.0,0.0,62.4
113,2023-12-30,02:30,Saturday,December,SP Manweb,6,11,very low,1.7,0.0,1.7,2.3,36.0,0,4.9,0.0,53.4
114,2023-12-30,02:30,Saturday,December,WPD South Wales,7,133,moderate,3.4,2.0,1.5,27.9,21.9,0,0.9,0.0,42.4
115,2023-12-30,02:30,Saturday,December,WPD West Midlands,8,56,low,5.4,3.3,2.5,4.7,35.6,0,1.4,0.0,47.2
116,2023-12-30,02:30,Saturday,December,WPD East Midlands,9,124,moderate,9.1,8.3,1.0,8.8,5.5,0,0.0,0.0,67.4
117,2023-12-30,02:30,Saturday,December,UKPN East,10,38,very low,0.0,0.0,2.6,9.1,21.3,0,0.0,0.0,66.9
118,2023-12-30,02:30,Saturday,December,WPD South West,11,257,high,1.4,1.4,3.8,61.3,2.6,0,0.4,0.0,29.2
119,2023-12-30,02:30,Saturday,December,SSE South,12,185,moderate,2.9,2.8,8.0,39.0,5.9,0,0.7,0.0,40.8
120,2023-12-30,02:30,Saturday,December,UKPN London,13,43,low,0.0,0.0,9.3,10.2,18.1,0,0.7,0.0,61.8
121,2023-12-30,02:30,Saturday,December,UKPN South East,14,56,low,0.0,0.0,26.6,13.1,8.0,0,2.8,0.0,49.5
122,2023-12-30,02:30,Saturday,December,England,15,71,low,5.3,1.0,6.7,13.8,23.3,0,0.8,0.0,49.1
123,2023-12-30,02:30,Saturday,December,Scotland,16,8,very low,0.6,0.0,0.0,1.9,18.6,0,15.4,0.0,63.5
124,2023-12-30,02:30,Saturday,December,Wales,17,95,low,0.3,0.0,0.0,24.1,8.4,0,9.1,0.0,58.2
125,2023-12-30,02:30,Saturday,December,GB,18,68,low,4.4,0.8,5.5,12.9,21.8,0,3.1,0.0,51.4
126,2023-12-30,03:00,Saturday,December,Scottish Hydro Electric Power Distribution,1,0,very low,0.0,0.0,0.0,0.0,0.0,0,11.9,0.0,88.1
127,2023-12-30,03:00,Saturday,December,SP Distribution,2,11,very low,1.1,0.0,0.5,2.4,28.9,0,5.8,0.0,61.3
128,2023-12-30,03:00,Saturday,December,Electricity North West,3,13,very low,4.2,0.0,4.2,2.1,69.3,0,0.7,0.0,19.6
129,2023-12-30,03:00,Saturday,December,NPG North East,4,13,very low,9.9,0.0,21.0,0.0,65.0,0,0.0,0.0,4.1
130,2023-12-30,03:00,Saturday,December,NPG Yorkshire,5,72,low,23.0,0.0,0.9,11.3,2.8,0,0.0,0.0,61.9
131,2023-12-30,03:00,Saturday,December,SP Manweb,6,9,very low,2.2,0.0,2.1,1.6,40.0,0,3.9,0.0,50.2
132,2023-12-30,03:00,Saturday,December,WPD South Wales,7,139,moderate,3.4,2.0,1.4,29.5,20.4,0,0.6,0.2,42.4
133,2023-12-30,03:00,Saturday,December,WPD West Midlands,8,58,low,6.0,3.3,2.4,5.0,37.1,0,1.0,0.0,45.2
134,2023-12-30,03:00,Saturday,December,WPD East Midlands,9,123,moderate,9.4,7.9,0.8,9.4,5.6,0,0.0,0.0,66.9
135,2023-12-30,03:00,Saturday,December,UKPN East,10,51,low,0.0,0.0,2.1,12.5,22.2,0,0.0,0.0,63.2
136,2023-12-30,03:00,Saturday,December,WPD South West,11,240,high,1.7,1.1,3.9,57.6,2.3,0,0.3,0.2,32.9
137,2023-12-30,03:00,Saturday,December,SSE South,12,187,moderate,3.2,2.5,7.2,40.1,5.7,0,0.7,0.1,40.5
138,2023-12-30,03:00,Saturday,December,UKPN London,13,53,low,0.0,0.0,8.0,12.9,17.8,0,0.7,0.0,60.6
139,2023-12-30,03:00,Saturday,December,UKPN South East,14,58,low,0.0,0.0,26.4,13.7,7.3,0,2.6,0.1,50.0
140,2023-12-30,03:00,Saturday,December,England,15,77,low,5.4,1.2,6.6,14.7,23.9,0,0.6,0.0,47.5
141,2023-12-30,03:00,Saturday,December,Scotland,16,8,very low,0.6,0.0,0.0,1.9,18.5,0,14.6,1.3,63.1
142,2023-12-30,03:00,Saturday,December,Wales,17,98,low,0.3,0.1,0.1,24.5,8.7,0,8.0,0.5,57.8
143,2023-12-30,03:00,Saturday,December,GB,18,72,low,4.5,1.0,5.4,13.7,22.3,0,2.8,0.2,50.1
144,2023-12-30,03:30,Saturday,December,Scottish Hydro Electric Power Distribution,1,0,very low,0.0,0.0,0.0,0.0,0.0,0,13.5,0.0,86.5
145,2023-12-30,03:30,Saturday,December,SP Distribution,2,14,very low,1.3,0.0,2.5,2.2,31.7,0,6.2,0.0,56.1
146,2023-12-30,03:30,Saturday,December,Electricity North West,3,14,very low,4.8,0.0,4.5,1.9,69.7,0,0.7,0.0,18.4
147,2023-12-30,03:30,Saturday,December,NPG North East,4,14,very low,10.8,0.0,21.1,0.0,64.3,0,0.0,0.0,3.8
148,2023-12-30,03:30,Saturday,December,NPG Yorkshire,5,67,low,23.1,0.0,0.7,10.1,3.2,0,0.0,0.0,63.0
149,2023-12-30,03:30,Saturday,December,SP Manweb,6,13,very low,2.7,0.0,2.9,2.2,42.6,0,4.5,0.0,45.1
150,2023-12-30,03:30,Saturday,December,WPD South Wales,7,122,moderate,4.1,2.0,1.7,24.9,16.8,0,0.6,0.0,49.9
151,2023-12-30,03:30,Saturday,December,WPD West Midlands,8,65,low,6.1,3.6,2.5,6.0,36.6,0,1.0,0.0,44.2
152,2023-12-30,03:30,Saturday,December,WPD East Midlands,9,122,moderate,9.0,8.4,0.3,8.3,5.5,0,0.0,0.0,68.5
153,2023-12-30,03:30,Saturday,December,UKPN East,10,45,low,0.0,0.0,0.0,11.4,22.8,0,0.0,0.0,65.8
154,2023-12-30,03:30,Saturday,December,WPD South West,11,272,high,1.0,0.9,3.0,66.4,1.5,0,0.2,0.0,26.9
155,2023-12-30,03:30,Saturday,December,SSE South,12,192,moderate,2.7,2.7,8.4,41.1,5.8,0,0.7,0.0,38.5
156,2023-12-30,03:30,Saturday,December,UKPN London,13,50,low,0.0,0.0,8.1,12.3,18.8,0,0.7,0.0,60.1
157,2023-12-30,03:30,Saturday,December,UKPN South East,14,64,low,0.0,0.0,29.2,14.7,7.9,0,2.7,0.0,45.5
158,2023-12-30,03:30,Saturday,December,England,15,79,low,5.5,1.3,6.5,15.0,24.3,0,0.6,0.0,46.8
159,2023-12-30,03:30,Saturday,December,Scotland,16,11,very low,0.7,0.0,1.9,1.6,19.7,0,13.7,0.0,62.4
160,2023-12-30,03:30,Saturday,December,Wales,17,92,low,0.9,0.1,1.5,22.3,8.9,0,5.3,0.0,61.0
161,2023-12-30,03:30,Saturday,December,GB,18,74,low,4.6,1.1,5.6,13.8,22.8,0,2.5,0.0,49.6
162,2023-12-30,04:00,Saturday,December,Scottish Hydro Electric Power Distribution,1,0,very low,0.0,0.0,0.0,0.0,0.0,0,19.0,0.0,81.0
163,2023-12-30,04:00,Saturday,December,SP Distribution,2,14,very low,1.4,0.0,3.6,1.8,34.3,0,7.9,0.1,51.0
164,2023-12-30,04:00,Saturday,December,Electricity North West,3,14,very low,4.6,0.0,4.8,1.9,71.5,0,0.9,0.0,16.4
165,2023-12-30,04:00,Saturday,December,NPG North East,4,14,very low,10.7,0.0,21.7,0.0,63.9,0,0.0,0.0,3.7
166,2023-12-30,04:00,Saturday,December,NPG Yorkshire,5,63,low,23.8,0.0,1.1,8.7,4.1,0,0.0,0.0,62.4
167,2023-12-30,04:00,Saturday,December,SP Manweb,6,14,very low,2.6,0.0,3.8,2.0,44.1,0,3.4,0.0,44.0
168,2023-12-30,04:00,Saturday,December,WPD South Wales,7,147,moderate,3.0,1.7,1.3,32.3,11.4,0,0.4,0.1,49.9
169,2023-12-30,04:00,Saturday,December,WPD West Midlands,8,68,low,6.4,4.6,2.8,4.1,39.0,0,0.9,0.0,42.3
170,2023-12-30,04:00,Saturday,December,WPD East Midlands,9,140,moderate,9.8,10.8,0.4,7.0,5.6,0,0.0,0.0,66.4
171,2023-12-30,04:00,Saturday,December,UKPN East,10,43,low,0.0,0.0,0.0,11.0,23.9,0,0.0,0.1,65.1
172,2023-12-30,04:00,Saturday,December,WPD South West,11,278,high,1.0,0.8,2.5,68.2,1.4,0,0.1,0.0,25.9
173,2023-12-30,04:00,Saturday,December,SSE South,12,195,moderate,3.3,3.6,8.2,39.5,5.9,0,0.6,0.1,38.9
174,2023-12-30,04:00,Saturday,December,UKPN London,13,49,low,0.0,0.0,8.2,12.0,19.1,0,0.6,0.1,60.1
175,2023-12-30,04:00,Saturday,December,UKPN South East,14,64,low,0.0,0.0,30.7,14.6,7.2,0,2.3,0.1,45.1
176,2023-12-30,04:00,Saturday,December,England,15,79,low,5.7,1.3,6.8,15.0,24.9,0,0.7,0.0,45.7
177,2023-12-30,04:00,Saturday,December,Scotland,16,10,very low,0.7,0.0,1.9,1.4,20.8,0,14.8,0.0,60.4
178,2023-12-30,04:00,Saturday,December,Wales,17,83,low,0.8,0.1,1.4,20.1,7.9,0,5.0,0.1,64.6
179,2023-12-30,04:00,Saturday,December,GB,18,75,low,4.7,1.1,5.9,13.5,23.4,0,2.7,0.0,48.7
180,2023-12-30,04:30,Saturday,December,Scottish Hydro Electric Power Distribution,1,0,very low,0.0,0.0,0.0,0.0,0.0,0,20.0,0.0,80.0
181,2023-12-30,04:30,Saturday,December,SP Distribution,2,17,very low,1.6,0.0,5.3,1.9,37.9,0,7.6,0.0,45.6
182,2023-12-30,04:30,Saturday,December,Electricity North West,3,16,very low,4.9,0.0,6.6,2.4,70.2,0,0.8,0.0,15.1
183,2023-12-30,04:30,Saturday,December,NPG North East,4,14,very low,10.4,0.0,28.0,0.0,58.2,0,0.0,0.0,3.5
184,2023-12-30,04:30,Saturday,December,NPG Yorkshire,5,65,low,24.4,0.0,1.6,9.1,4.8,0,0.0,0.0,60.1
185,2023-12-30,04:30,Saturday,December,SP Manweb,6,14,very low,2.8,0.0,4.8,2.1,44.4,0,2.4,0.0,43.4
186,2023-12-30,04:30,Saturday,December,WPD South Wales,7,162,moderate,1.9,1.0,1.0,38.0,6.6,0,0.2,0.0,51.3
187,2023-12-30,04:30,Saturday,December,WPD West Midlands,8,71,low,6.8,4.9,3.7,4.0,39.2,0,0.7,0.0,40.7
188,2023-12-30,04:30,Saturday,December,WPD East Midlands,9,151,moderate,10.3,12.1,0.7,6.5,5.7,0,0.0,0.0,64.8
189,2023-12-30,04:30,Saturday,December,UKPN East,10,45,low,0.0,0.0,0.0,11.3,24.4,0,0.0,0.0,64.2
190,2023-12-30,04:30,Saturday,December,WPD South West,11,303,very high,0.6,0.8,1.5,74.8,1.4,0,0.1,0.0,20.8
191,2023-12-30,04:30,Saturday,December,SSE South,12,208,high,3.3,3.9,9.3,42.1,5.7,0,0.5,0.0,35.2
192,2023-12-30,04:30,Saturday,December,UKPN London,13,54,low,0.0,0.0,10.3,13.3,17.8,0,0.6,0.0,58.0
193,2023-12-30,04:30,Saturday,December,UKPN South East,14,75,low,0.0,0.0,34.9,17.6,5.6,0,1.9,0.0,40.1
194,2023-12-30,04:30,Saturday,December,England,15,83,low,5.8,1.2,8.4,16.3,24.0,0,0.6,0.0,43.7
195,2023-12-30,04:30,Saturday,December,Scotland,16,19,very low,0.7,0.0,6.2,1.4,23.4,0,12.5,0.0,55.8
196,2023-12-30,04:30,Saturday,December,Wales,17,95,low,0.5,0.0,2.3,23.0,7.0,0,3.7,0.0,63.6
197,2023-12-30,04:30,Saturday,December,GB,18,80,low,4.8,1.0,7.8,14.7,23.0,0,2.3,0.0,46.4
198,2023-12-30,05:00,Saturday,December,Scottish Hydro Electric Power Distribution,1,0,very low,0.0,0.0,0.0,0.0,0.0,0,24.4,0.0,75.6
199,2023-12-30,05:00,Saturday,December,SP Distribution,2,9,very low,1.8,0.0,2.2,1.8,39.0,0,8.1,0.1,47.0
200,2023-12-30,05:00,Saturday,December,Electricity North West,3,12,very low,4.5,0.0,6.9,1.7,71.1,0,1.0,0.0,14.8
201,2023-12-30,05:00,Saturday,December,NPG North East,4,14,very low,10.0,0.0,28.4,0.0,58.7,0,0.0,0.1,2.8
202,2023-12-30,05:00,Saturday,December,NPG Yorkshire,5,67,low,24.0,0.0,2.4,9.8,6.5,0,0.0,0.0,57.3
203,2023-12-30,05:00,Saturday,December,SP Manweb,6,8,very low,2.6,0.0,3.8,1.3,42.7,0,4.3,0.1,45.2
204,2023-12-30,05:00,Saturday,December,WPD South Wales,7,158,moderate,1.0,0.5,0.6,38.6,4.3,0,0.1,0.0,54.9
205,2023-12-30,05:00,Saturday,December,WPD West Midlands,8,70,low,6.6,4.6,3.9,4.6,40.2,0,1.2,0.1,38.7
206,2023-12-30,05:00,Saturday,December,WPD East Midlands,9,159,moderate,10.9,11.6,1.1,9.5,5.8,0,0.0,0.0,61.1
207,2023-12-30,05:00,Saturday,December,UKPN East,10,43,low,0.0,0.0,0.0,10.9,26.2,0,0.0,0.0,62.9
208,2023-12-30,05:00,Saturday,December,WPD South West,11,288,high,0.9,1.1,2.2,70.2,1.9,0,0.2,0.0,23.5
209,2023-12-30,05:00,Saturday,December,SSE South,12,202,high,3.9,3.9,9.6,40.3,6.2,0,0.6,0.0,35.4
210,2023-12-30,05:00,Saturday,December,UKPN London,13,55,low,0.0,0.0,11.5,13.4,17.1,0,0.8,0.0,57.2
211,2023-12-30,05:00,Saturday,December,UKPN South East,14,77,low,0.0,0.0,36.2,17.9,4.2,0,2.1,0.0,39.7
212,2023-12-30,05:00,Saturday,December,England,15,85,low,5.9,1.2,8.9,16.5,24.1,0,0.7,0.0,42.7
213,2023-12-30,05:00,Saturday,December,Scotland,16,12,very low,0.7,0.0,3.1,1.2,25.5,0,11.5,0.1,57.9
214,2023-12-30,05:00,Saturday,December,Wales,17,87,low,0.4,0.0,1.1,21.5,6.5,0,3.4,0.0,67.0
215,2023-12-30,05:00,Saturday,December,GB,18,79,low,4.9,1.0,7.6,14.8,23.3,0,2.3,0.0,46.2
216,2023-12-30,05:30,Saturday,December,Scottish Hydro Electric Power Distribution,1,0,very low,0.0,0.0,0.0,0.0,0.0,0,27.7,0.0,72.3
217,2023-12-30,05:30,Saturday,December,SP Distribution,2,7,very low,1.5,0.0,2.4,1.4,40.4,0,8.6,0.0,45.7
218,2023-12-30,05:30,Saturday,December,Electricity North West,3,12,very low,3.9,0.0,10.7,1.6,66.7,0,1.1,0.0,16.1
219,2023-12-30,05:30,Saturday,December,NPG North East,4,11,very low,7.0,0.0,36.2,0.0,54.9,0,0.0,0.0,1.9
220,2023-12-30,05:30,Saturday,December,NPG Yorkshire,5,63,low,23.3,0.0,4.3,8.9,6.4,0,0.0,0.0,57.0
221,2023-12-30,05:30,Saturday,December,SP Manweb,6,10,very low,2.2,0.0,5.5,1.7,37.3,0,5.2,0.0,48.2
222,2023-12-30,05:30,Saturday,December,WPD South Wales,7,138,moderate,0.5,0.3,0.5,34.2,4.8,0,0.1,0.0,59.6
223,2023-12-30,05:30,Saturday,December,WPD West Midlands,8,63,low,5.8,3.4,6.1,5.9,38.1,0,1.6,0.0,38.9
224,2023-12-30,05:30,Saturday,December,WPD East Midlands,9,154,moderate,9.8,9.9,1.8,12.6,7.3,0,0.0,0.0,58.6
225,2023-12-30,05:30,Saturday,December,UKPN East,10,36,very low,0.0,0.0,0.0,9.1,27.1,0,0.0,0.0,63.8
226,2023-12-30,05:30,Saturday,December,WPD South West,11,261,high,1.0,1.0,5.0,63.2,1.6,0,0.3,0.0,27.8
227,2023-12-30,05:30,Saturday,December,SSE South,12,180,moderate,3.4,3.3,16.5,35.8,5.0,0,0.9,0.0,35.1
228,2023-12-30,05:30,Saturday,December,UKPN London,13,50,low,0.0,0.0,19.3,11.6,13.8,0,1.0,0.0,54.3
229,2023-12-30,05:30,Saturday,December,UKPN South East,14,69,low,0.0,0.0,48.3,14.4,2.1,0,2.4,0.0,32.9
230,2023-12-30,05:30,Saturday,December,England,15,76,low,5.5,1.1,12.9,14.5,23.5,0,1.0,0.0,41.5
231,2023-12-30,05:30,Saturday,December,Scotland,16,5,very low,0.7,0.0,0.0,1.0,26.9,0,13.7,0.0,57.6
232,2023-12-30,05:30,Saturday,December,Wales,17,76,low,0.2,0.0,0.0,19.2,6.1,0,5.2,0.0,69.3
233,2023-12-30,05:30,Saturday,December,GB,18,70,low,4.5,0.9,10.4,13.0,22.9,0,2.9,0.0,45.3
234,2023-12-30,06:00,Saturday,December,Scottish Hydro Electric Power Distribution,1,0,very low,0.0,0.0,0.0,0.0,0.0,0,31.9,0.0,68.1
235,2023-12-30,06:00,Saturday,December,SP Distribution,2,8,very low,1.1,0.0,2.1,1.3,36.1,0,9.5,0.1,49.9
236,2023-12-30,06:00,Saturday,December,Electricity North West,3,9,very low,2.2,0.0,9.5,1.3,62.4,0,1.3,0.1,23.2
237,2023-12-30,06:00,Saturday,December,NPG North East,4,10,very low,6.2,0.0,35.1,0.0,56.5,0,0.5,0.1,1.5
238,2023-12-30,06:00,Saturday,December,NPG Yorkshire,5,69,low,23.7,0.0,6.5,10.2,9.1,0,0.0,0.0,50.5
239,2023-12-30,06:00,Saturday,December,SP Manweb,6,6,very low,1.2,0.0,4.6,0.9,31.5,0,4.5,0.2,57.2
240,2023-12-30,06:00,Saturday,December,WPD South Wales,7,137,moderate,0.3,0.3,0.5,33.9,6.2,0,0.2,0.0,58.5
241,2023-12-30,06:00,Saturday,December,WPD West Midlands,8,49,low,4.7,2.2,6.5,5.6,37.6,0,1.7,0.1,41.5
242,2023-12-30,06:00,Saturday,December,WPD East Midlands,9,146,moderate,11.3,7.4,3.1,16.2,9.2,0,0.0,0.0,52.8
243,2023-12-30,06:00,Saturday,December,UKPN East,10,34,very low,0.0,0.0,0.0,8.6,29.0,0,0.1,0.1,62.2
244,2023-12-30,06:00,Saturday,December,WPD South West,11,254,high,1.3,0.6,5.7,62.2,1.4,0,0.3,0.0,28.4
245,2023-12-30,06:00,Saturday,December,SSE South,12,178,moderate,4.0,1.8,17.5,38.8,3.9,0,0.9,0.1,33.0
246,2023-12-30,06:00,Saturday,December,UKPN London,13,51,low,0.0,0.0,24.0,11.6,10.7,0,1.2,0.2,52.4
247,2023-12-30,06:00,Saturday,December,UKPN South East,14,66,low,0.0,0.0,51.8,13.6,0.8,0,2.2,0.3,31.3
248,2023-12-30,06:00,Saturday,December,England,15,75,low,5.4,1.0,13.2,14.6,23.3,0,1.3,0.0,41.2
249,2023-12-30,06:00,Saturday,December,Scotland,16,5,very low,0.7,0.0,0.0,1.0,25.2,0,17.4,0.0,55.7
250,2023-12-30,06:00,Saturday,December,Wales,17,79,low,0.2,0.0,0.0,20.0,5.6,0,5.2,0.1,69.0
251,2023-12-30,06:00,Saturday,December,GB,18,68,low,4.5,0.8,10.7,13.2,22.5,0,3.6,0.0,44.8
252,2023-12-30,06:30,Saturday,December,Scottish Hydro Electric Power Distribution,1,0,very low,0.0,0.0,0.0,0.0,0.0,0,37.1,0.0,62.9
253,2023-12-30,06:30,Saturday,December,SP Distribution,2,8,very low,0.9,0.0,1.3,1.1,33.0,0,9.9,0.0,53.8
254,2023-12-30,06:30,Saturday,December,Electricity North West,3,8,very low,1.7,0.0,3.9,1.3,57.9,0,1.6,0.0,33.7
255,2023-12-30,06:30,Saturday,December,NPG North East,4,13,very low,9.0,0.0,27.3,0.1,56.1,0,1.2,0.0,6.3
256,2023-12-30,06:30,Saturday,December,NPG Yorkshire,5,79,low,25.8,0.0,2.5,12.1,10.5,0,0.2,0.0,49.0
257,2023-12-30,06:30,Saturday,December,SP Manweb,6,7,very low,0.8,0.0,1.6,1.4,26.3,0,4.0,0.0,65.9
258,2023-12-30,06:30,Saturday,December,WPD South Wales,7,111,low,0.7,0.4,1.2,27.0,8.4,0,0.4,0.0,62.0
259,2023-12-30,06:30,Saturday,December,WPD West Midlands,8,59,low,3.2,1.8,5.8,9.4,34.1,0,1.8,0.0,43.9
260,2023-12-30,06:30,Saturday,December,WPD East Midlands,9,155,moderate,7.8,7.2,3.4,19.3,11.5,0,0.1,0.0,50.6
261,2023-12-30,06:30,Saturday,December,UKPN East,10,38,very low,0.0,0.0,9.9,8.2,29.4,0,0.2,0.0,52.3
262,2023-12-30,06:30,Saturday,December,WPD South West,11,238,high,0.4,0.4,12.5,58.6,1.0,0,0.5,0.0,26.7
263,2023-12-30,06:30,Saturday,December,SSE South,12,158,moderate,1.2,1.0,37.3,35.1,2.5,0,1.3,0.0,21.7
264,2023-12-30,06:30,Saturday,December,UKPN London,13,51,low,0.0,0.0,48.0,9.9,7.5,0,1.6,0.0,32.9
265,2023-12-30,06:30,Saturday,December,UKPN South East,14,56,low,0.0,0.0,66.5,10.4,0.0,0,2.3,0.0,20.8
266,2023-12-30,06:30,Saturday,December,England,15,71,low,5.1,1.0,19.2,13.2,22.6,0,1.3,0.0,37.5
267,2023-12-30,06:30,Saturday,December,Scotland,16,5,very low,0.6,0.0,0.2,1.0,23.7,0,17.8,0.0,56.5
268,2023-12-30,06:30,Saturday,December,Wales,17,85,low,0.1,0.0,0.1,21.6,5.1,0,4.7,0.0,68.5
269,2023-12-30,06:30,Saturday,December,GB,18,66,low,4.2,0.8,15.6,12.2,21.6,0,3.6,0.0,41.9
270,2023-12-30,07:00,Saturday,December,Scottish Hydro Electric Power Distribution,1,0,very low,0.0,0.0,0.0,0.0,0.0,0,39.9,0.0,60.1
271,2023-12-30,07:00,Saturday,December,SP Distribution,2,8,very low,0.8,0.0,1.6,0.9,31.4,0,9.4,0.0,55.8
272,2023-12-30,07:00,Saturday,December,Electricity North West,3,6,very low,0.9,0.0,3.1,1.1,51.9,0,1.4,0.0,41.6
273,2023-12-30,07:00,Saturday,December,NPG North East,4,13,very low,8.0,0.0,28.4,0.2,51.5,0,1.1,0.1,10.7
274,2023-12-30,07:00,Saturday,December,NPG Yorkshire,5,80,low,25.7,0.0,4.7,12.3,12.4,0,0.2,0.1,44.6
275,2023-12-30,07:00,Saturday,December,SP Manweb,6,12,very low,0.5,0.0,1.4,2.6,24.0,0,3.8,0.1,67.6
276,2023-12-30,07:00,Saturday,December,WPD South Wales,7,109,low,0.6,0.4,0.8,26.6,8.2,0,0.4,0.3,62.7
277,2023-12-30,07:00,Saturday,December,WPD West Midlands,8,46,low,2.6,1.6,4.0,6.7,33.2,0,1.8,0.1,50.0
278,2023-12-30,07:00,Saturday,December,WPD East Midlands,9,158,moderate,9.8,6.9,4.6,20.2,11.8,0,0.1,0.0,46.4
279,2023-12-30,07:00,Saturday,December,UKPN East,10,46,low,0.0,0.0,12.7,10.0,29.5,0,0.2,0.0,47.6
280,2023-12-30,07:00,Saturday,December,WPD South West,11,226,high,0.5,0.4,14.6,55.4,0.9,0,0.5,0.8,26.9
281,2023-12-30,07:00,Saturday,December,SSE South,12,166,moderate,1.4,0.9,37.3,37.3,2.4,0,1.4,0.1,19.2
282,2023-12-30,07:00,Saturday,December,UKPN London,13,60,low,0.0,0.0,51.7,11.9,7.0,0,1.8,0.0,27.6
283,2023-12-30,07:00,Saturday,December,UKPN South East,14,64,low,0.0,0.0,65.6,12.5,0.0,0,2.4,0.0,19.5
284,2023-12-30,07:00,Saturday,December,England,15,76,low,5.2,1.1,17.7,14.1,22.7,0,1.4,0.1,37.8
285,2023-12-30,07:00,Saturday,December,Scotland,16,6,very low,0.6,0.0,0.7,0.9,22.0,0,17.5,0.0,58.2
286,2023-12-30,07:00,Saturday,December,Wales,17,83,low,0.1,0.0,0.1,20.9,4.8,0,4.4,0.0,69.6
287,2023-12-30,07:00,Saturday,December,GB,18,68,low,4.3,0.9,14.3,12.8,21.4,0,3.7,0.1,42.5
288,2023-12-30,07:30,Saturday,December,Scottish Hydro Electric Power Distribution,1,0,very low,0.0,0.0,0.0,0.0,0.0,0,40.7,0.0,59.3
289,2023-12-30,07:30,Saturday,December,SP Distribution,2,7,very low,0.8,0.0,1.4,0.9,26.9,0,8.4,0.0,61.5
290,2023-12-30,07:30,Saturday,December,Electricity North West,3,6,very low,0.8,0.0,5.8,1.0,45.0,0,1.4,0.0,46.0
291,2023-12-30,07:30,Saturday,December,NPG North East,4,10,very low,5.8,0.0,44.2,0.1,41.7,0,1.0,0.0,7.2
292,2023-12-30,07:30,Saturday,December,NPG Yorkshire,5,73,low,24.3,0.0,10.6,10.8,16.4,0,0.4,0.0,37.4
293,2023-12-30,07:30,Saturday,December,SP Manweb,6,8,very low,0.5,0.0,2.2,1.6,20.7,0,4.5,0.0,70.5
294,2023-12-30,07:30,Saturday,December,WPD South Wales,7,81,low,0.7,0.2,2.1,19.7,8.9,0,0.6,0.0,67.7
295,2023-12-30,07:30,Saturday,December,WPD West Midlands,8,32,very low,2.3,0.7,6.4,5.3,31.7,0,2.3,0.0,51.3
296,2023-12-30,07:30,Saturday,December,WPD East Midlands,9,135,moderate,10.5,4.2,9.7,20.1,14.4,0,0.3,0.0,40.8
297,2023-12-30,07:30,Saturday,December,UKPN East,10,54,low,0.0,0.0,22.7,10.3,28.7,0,0.3,0.0,38.0
298,2023-12-30,07:30,Saturday,December,WPD South West,11,212,high,0.5,0.2,18.9,52.1,1.0,0,0.7,0.0,26.5
299,2023-12-30,07:30,Saturday,December,SSE South,12,149,moderate,1.2,0.5,45.0,33.7,2.5,0,1.7,0.0,15.5
300,2023-12-30,07:30,Saturday,December,UKPN London,13,55,low,0.0,0.0,62.2,10.0,5.2,0,2.4,0.0,20.1
301,2023-12-30,07:30,Saturday,December,UKPN South East,14,55,low,0.0,0.0,71.0,10.0,0.0,0,2.8,0.0,16.2
302,2023-12-30,07:30,Saturday,December,England,15,68,low,4.9,0.7,23.1,12.5,21.8,0,1.8,0.0,35.2
303,2023-12-30,07:30,Saturday,December,Scotland,16,6,very low,0.6,0.0,1.0,0.9,19.3,0,17.6,0.0,60.7
304,2023-12-30,07:30,Saturday,December,Wales,17,79,low,0.1,0.0,0.2,20.0,4.6,0,4.0,0.0,71.1
305,2023-12-30,07:30,Saturday,December,GB,18,61,low,4.1,0.6,18.9,11.5,20.4,0,3.9,0.0,40.7
306,2023-12-30,08:00,Saturday,December,Scottish Hydro Electric Power Distribution,1,0,very low,0.0,0.0,0.0,0.0,0.0,0,38.4,0.0,61.6
307,2023-12-30,08:00,Saturday,December,SP Distribution,2,7,very low,0.7,0.0,1.8,0.8,22.9,0,7.8,0.0,65.9
308,2023-12-30,08:00,Saturday,December,Electricity North West,3,7,very low,0.8,0.0,5.8,1.3,41.0,0,1.3,0.0,49.8
309,2023-12-30,08:00,Saturday,December,NPG North East,4,10,very low,5.2,0.0,45.3,0.1,37.9,0,1.1,0.0,10.3
310,2023-12-30,08:00,Saturday,December,NPG Yorkshire,5,68,low,22.6,0.0,13.1,10.0,16.3,0,0.5,0.0,37.4
311,2023-12-30,08:00,Saturday,December,SP Manweb,6,9,very low,0.4,0.0,2.2,1.8,18.1,0,4.5,0.1,72.9
312,2023-12-30,08:00,Saturday,December,WPD South Wales,7,103,low,0.4,0.1,1.3,25.5,7.7,0,0.7,0.1,64.2
313,2023-12-30,08:00,Saturday,December,WPD West Midlands,8,22,very low,1.8,0.4,5.4,3.7,29.1,0,2.4,0.1,57.1
314,2023-12-30,08:00,Saturday,December,WPD East Midlands,9,115,low,11.1,2.6,12.0,18.5,14.0,0,0.3,0.1,41.4
315,2023-12-30,08:00,Saturday,December,UKPN East,10,59,low,0.0,0.0,25.7,10.8,26.6,0,0.3,0.1,36.6
316,2023-12-30,08:00,Saturday,December,WPD South West,11,210,high,0.5,0.1,17.6,51.9,1.6,0,0.7,0.6,27.2
317,2023-12-30,08:00,Saturday,December,SSE South,12,152,moderate,1.2,0.3,42.2,35.0,3.6,0,1.6,0.2,15.9
318,2023-12-30,08:00,Saturday,December,UKPN London,13,57,low,0.0,0.0,60.4,10.7,5.5,0,2.2,0.1,21.1
319,2023-12-30,08:00,Saturday,December,UKPN South East,14,57,low,0.0,0.0,68.3,10.8,0.0,0,2.6,0.1,18.2
320,2023-12-30,08:00,Saturday,December,England,15,67,low,4.7,0.4,21.6,12.8,20.7,0,1.8,0.1,37.9
321,2023-12-30,08:00,Saturday,December,Scotland,16,6,very low,0.5,0.0,1.1,0.8,17.0,0,16.4,0.0,64.1
322,2023-12-30,08:00,Saturday,December,Wales,17,80,low,0.1,0.0,0.5,20.0,4.2,0,3.9,0.1,71.1
323,2023-12-30,08:00,Saturday,December,GB,18,59,low,3.9,0.4,17.8,11.8,19.2,0,3.7,0.1,43.1
324,2023-12-30,08:30,Saturday,December,Scottish Hydro Electric Power Distribution,1,0,very low,0.0,0.0,0.0,0.0,0.0,0,37.2,0.0,62.8
325,2023-12-30,08:30,Saturday,December,SP Distribution,2,5,very low,0.7,0.0,0.6,0.8,17.7,0,8.8,0.0,71.4
326,2023-12-30,08:30,Saturday,December,Electricity North West,3,7,very low,0.7,0.0,5.2,1.4,38.1,0,1.7,0.0,53.0
327,2023-12-30,08:30,Saturday,December,NPG North East,4,10,very low,5.0,0.0,44.2,0.1,35.8,0,1.2,0.0,13.6
328,2023-12-30,08:30,Saturday,December,NPG Yorkshire,5,67,low,21.4,0.0,13.6,10.3,17.7,0,0.6,0.0,36.3
329,2023-12-30,08:30,Saturday,December,SP Manweb,6,8,very low,0.4,0.0,1.6,1.8,16.1,0,4.7,0.0,75.4
330,2023-12-30,08:30,Saturday,December,WPD South Wales,7,83,low,0.4,0.0,1.2,20.9,6.8,0,0.7,0.1,69.9
331,2023-12-30,08:30,Saturday,December,WPD West Midlands,8,13,very low,1.4,0.0,4.2,2.7,27.9,0,2.9,0.0,60.9
332,2023-12-30,08:30,Saturday,December,WPD East Midlands,9,84,low,12.0,0.0,12.4,16.7,16.3,0,0.4,0.1,42.1
333,2023-12-30,08:30,Saturday,December,UKPN East,10,60,low,0.0,0.0,22.2,11.9,29.0,0,0.3,0.1,36.5
334,2023-12-30,08:30,Saturday,December,WPD South West,11,216,high,0.5,0.0,15.0,53.7,2.3,0,0.7,0.9,26.9
335,2023-12-30,08:30,Saturday,December,SSE South,12,148,moderate,1.3,0.0,38.7,34.9,5.4,0,1.6,0.2,17.8
336,2023-12-30,08:30,Saturday,December,UKPN London,13,60,low,0.0,0.0,57.3,11.6,6.5,0,2.0,0.1,22.5
337,2023-12-30,08:30,Saturday,December,UKPN South East,14,60,low,0.0,0.0,66.3,11.6,0.0,0,2.5,0.1,19.5
338,2023-12-30,08:30,Saturday,December,England,15,61,low,4.4,0.0,23.0,12.6,19.9,0,1.9,0.1,38.1
339,2023-12-30,08:30,Saturday,December,Scotland,16,5,very low,0.5,0.0,0.4,0.8,13.7,0,16.0,0.0,68.5
340,2023-12-30,08:30,Saturday,December,Wales,17,69,low,0.1,0.0,0.5,17.4,3.7,0,4.5,0.0,73.7
341,2023-12-30,08:30,Saturday,December,GB,18,55,low,3.7,0.0,19.1,11.5,18.2,0,3.7,0.1,43.7
342,2023-12-30,09:00,Saturday,December,Scottish Hydro Electric Power Distribution,1,0,very low,0.0,0.0,0.0,0.0,0.0,0,39.9,0.0,60.1
343,2023-12-30,09:00,Saturday,December,SP Distribution,2,4,very low,0.6,0.0,0.0,0.7,14.0,0,10.1,0.0,74.5
344,2023-12-30,09:00,Saturday,December,Electricity North West,3,5,very low,0.8,0.0,5.8,0.9,38.5,0,2.2,0.0,51.7
345,2023-12-30,09:00,Saturday,December,NPG North East,4,9,very low,5.2,0.0,42.0,0.1,39.9,0,1.6,0.1,11.1
346,2023-12-30,09:00,Saturday,December,NPG Yorkshire,5,67,low,20.7,0.0,14.1,10.5,19.1,0,0.9,0.1,34.6
347,2023-12-30,09:00,Saturday,December,SP Manweb,6,6,very low,0.4,0.0,1.8,1.3,15.1,0,4.6,0.1,76.6
348,2023-12-30,09:00,Saturday,December,WPD South Wales,7,103,low,0.3,0.0,1.0,26.1,5.9,0,0.7,0.5,65.5
349,2023-12-30,09:00,Saturday,December,WPD West Midlands,8,8,very low,1.2,0.0,4.4,1.6,27.3,0,3.3,0.2,62.1
350,2023-12-30,09:00,Saturday,December,WPD East Midlands,9,73,low,13.5,0.0,12.7,13.8,17.1,0,0.6,0.3,42.1
351,2023-12-30,09:00,Saturday,December,UKPN East,10,54,low,0.0,0.0,22.3,10.0,28.2,0,0.3,0.4,38.9
352,2023-12-30,09:00,Saturday,December,WPD South West,11,182,moderate,0.9,0.0,15.8,45.0,2.4,0,0.7,4.3,30.8
353,2023-12-30,09:00,Saturday,December,SSE South,12,120,moderate,2.1,0.0,36.2,27.8,5.8,0,1.8,0.9,25.4
354,2023-12-30,09:00,Saturday,December,UKPN London,13,56,low,0.0,0.0,55.1,10.7,6.7,0,2.0,0.4,25.1
355,2023-12-30,09:00,Saturday,December,UKPN South East,14,57,low,0.0,0.0,65.2,11.0,0.0,0,2.5,0.4,20.9
356,2023-12-30,09:00,Saturday,December,England,15,57,low,4.3,0.0,23.6,11.4,19.6,0,2.1,0.5,38.4
357,2023-12-30,09:00,Saturday,December,Scotland,16,3,very low,0.5,0.0,0.0,0.6,11.1,0,17.5,0.0,70.2
358,2023-12-30,09:00,Saturday,December,Wales,17,44,low,0.1,0.0,0.0,11.0,3.3,0,5.2,0.3,80.1
359,2023-12-30,09:00,Saturday,December,GB,18,50,low,3.6,0.0,19.3,10.1,17.6,0,4.2,0.4,44.8
360,2023-12-30,09:30,Saturday,December,Scottish Hydro Electric Power Distribution,1,0,very low,0.0,0.0,0.0,0.0,0.0,0,38.5,0.0,61.5
361,2023-12-30,09:30,Saturday,December,SP Distribution,2,3,very low,0.5,0.0,0.0,0.7,14.4,0,10.5,0.0,73.9
362,2023-12-30,09:30,Saturday,December,Electricity North West,3,4,very low,0.7,0.0,5.4,0.8,37.7,0,2.6,0.0,52.7
363,2023-12-30,09:30,Saturday,December,NPG North East,4,9,very low,4.7,0.0,40.4,0.1,38.0,0,2.0,0.1,14.7
364,2023-12-30,09:30,Saturday,December,NPG Yorkshire,5,68,low,20.2,0.0,14.0,10.9,18.7,0,1.1,0.1,35.1
365,2023-12-30,09:30,Saturday,December,SP Manweb,6,12,very low,0.4,0.0,3.0,2.2,14.9,0,5.1,0.3,74.2
366,2023-12-30,09:30,Saturday,December,WPD South Wales,7,92,low,0.2,0.0,1.1,23.1,6.2,0,0.8,0.9,67.7
367,2023-12-30,09:30,Saturday,December,WPD West Midlands,8,9,very low,0.9,0.0,4.6,1.7,25.9,0,3.5,0.3,63.0
368,2023-12-30,09:30,Saturday,December,WPD East Midlands,9,68,low,13.5,0.0,12.5,12.4,16.9,0,0.7,0.5,43.4
369,2023-12-30,09:30,Saturday,December,UKPN East,10,53,low,0.0,0.0,19.7,10.3,27.2,0,0.3,0.7,41.8
370,2023-12-30,09:30,Saturday,December,WPD South West,11,182,moderate,0.7,0.0,13.6,45.1,2.0,0,0.7,7.8,30.0
371,2023-12-30,09:30,Saturday,December,SSE South,12,120,moderate,1.9,0.0,35.1,27.9,5.3,0,1.8,1.9,25.9
372,2023-12-30,09:30,Saturday,December,UKPN London,13,60,low,0.0,0.0,52.9,11.8,6.6,0,2.1,0.6,25.9
373,2023-12-30,09:30,Saturday,December,UKPN South East,14,62,low,0.0,0.0,62.8,12.3,0.0,0,2.6,0.6,21.7
374,2023-12-30,09:30,Saturday,December,England,15,58,low,4.2,0.0,22.6,11.7,19.0,0,2.2,0.9,39.4
375,2023-12-30,09:30,Saturday,December,Scotland,16,3,very low,0.4,0.0,0.0,0.7,11.4,0,15.5,0.0,72.0
376,2023-12-30,09:30,Saturday,December,Wales,17,37,very low,0.1,0.0,1.7,8.6,3.9,0,8.3,0.4,77.0
377,2023-12-30,09:30,Saturday,December,GB,18,49,low,3.5,0.0,18.5,10.1,17.2,0,4.3,0.8,45.7
378,2023-12-30,10:00,Saturday,December,Scottish Hydro Electric Power Distribution,1,0,very low,0.0,0.0,0.0,0.0,0.0,0,32.1,0.0,67.9
379,2023-12-30,10:00,Saturday,December,SP Distribution,2,3,very low,0.6,0.0,0.0,0.7,14.3,0,9.4,0.1,75.0
380,2023-12-30,10:00,Saturday,December,Electricity North West,3,7,very low,0.8,0.0,5.5,1.4,35.3,0,2.5,0.1,54.4
381,2023-12-30,10:00,Saturday,December,NPG North East,4,9,very low,4.8,0.0,39.3,0.1,36.1,0,2.1,0.1,17.4
382,2023-12-30,10:00,Saturday,December,NPG Yorkshire,5,70,low,20.2,0.0,13.7,11.4,17.9,0,1.1,0.2,35.5
383,2023-12-30,10:00,Saturday,December,SP Manweb,6,11,very low,0.4,0.0,3.6,1.8,14.1,0,6.5,0.5,73.2
384,2023-12-30,10:00,Saturday,December,WPD South Wales,7,101,low,0.2,0.0,1.0,25.4,6.0,0,0.9,1.4,65.0
385,2023-12-30,10:00,Saturday,December,WPD West Midlands,8,11,very low,1.1,0.0,4.9,2.1,25.0,0,4.1,0.6,62.2
386,2023-12-30,10:00,Saturday,December,WPD East Midlands,9,74,low,11.7,0.0,13.4,14.2,15.6,0,0.7,1.0,43.6
387,2023-12-30,10:00,Saturday,December,UKPN East,10,55,low,0.0,0.0,22.5,10.1,23.8,0,0.2,0.7,42.7
388,2023-12-30,10:00,Saturday,December,WPD South West,11,177,moderate,0.5,0.0,13.2,44.1,1.5,0,0.6,11.2,28.9
389,2023-12-30,10:00,Saturday,December,SSE South,12,127,moderate,1.4,0.0,36.0,29.6,4.7,0,1.7,3.0,23.6
390,2023-12-30,10:00,Saturday,December,UKPN London,13,58,low,0.0,0.0,51.7,11.4,6.8,0,1.7,0.8,27.5
391,2023-12-30,10:00,Saturday,December,UKPN South East,14,60,low,0.0,0.0,62.2,11.9,0.0,0,2.3,0.9,22.7
392,2023-12-30,10:00,Saturday,December,England,15,59,low,4.1,0.0,21.6,12.3,18.2,0,2.1,1.4,40.4
393,2023-12-30,10:00,Saturday,December,Scotland,16,3,very low,0.5,0.0,0.0,0.7,12.2,0,11.8,0.1,74.8
394,2023-12-30,10:00,Saturday,December,Wales,17,40,low,0.1,0.0,2.3,9.2,4.1,0,9.7,0.6,73.9
395,2023-12-30,10:00,Saturday,December,GB,18,51,low,3.4,0.0,17.6,10.6,16.5,0,3.8,1.2,47.0
396,2023-12-30,10:30,Saturday,December,Scottish Hydro Electric Power Distribution,1,0,very low,0.0,0.0,0.0,0.0,0.0,0,25.5,0.0,74.5
397,2023-12-30,10:30,Saturday,December,SP Distribution,2,3,very low,0.5,0.0,0.0,0.6,14.3,0,7.1,0.1,77.3
398,2023-12-30,10:30,Saturday,December,Electricity North West,3,6,very low,0.8,0.0,5.4,1.2,34.1,0,2.1,0.1,56.3
399,2023-12-30,10:30,Saturday,December,NPG North East,4,9,very low,4.7,0.0,37.3,0.2,35.8,0,1.7,0.2,20.1
400,2023-12-30,10:30,Saturday,December,NPG Yorkshire,5,68,low,19.7,0.0,13.6,11.1,17.6,0,0.9,0.2,36.8
401,2023-12-30,10:30,Saturday,December,SP Manweb,6,9,very low,0.4,0.0,2.1,1.9,13.5,0,9.1,0.5,72.6
402,2023-12-30,10:30,Saturday,December,WPD South Wales,7,81,low,0.3,0.0,1.1,20.3,6.7,0,1.3,1.8,68.6
403,2023-12-30,10:30,Saturday,December,WPD West Midlands,8,10,very low,1.0,0.0,4.1,2.0,24.4,0,5.1,0.8,62.6
404,2023-12-30,10:30,Saturday,December,WPD East Midlands,9,72,low,11.2,0.0,11.8,14.0,14.7,0,0.6,1.3,46.5
405,2023-12-30,10:30,Saturday,December,UKPN East,10,51,low,0.0,0.0,17.8,9.9,23.3,0,0.2,0.9,47.9
406,2023-12-30,10:30,Saturday,December,WPD South West,11,176,moderate,0.5,0.0,11.4,44.0,1.3,0,0.5,13.3,29.1
407,2023-12-30,10:30,Saturday,December,SSE South,12,124,moderate,1.5,0.0,34.3,29.1,4.3,0,1.5,4.3,25.1
408,2023-12-30,10:30,Saturday,December,UKPN London,13,58,low,0.0,0.0,49.1,11.4,7.0,0,1.4,1.1,30.0
409,2023-12-30,10:30,Saturday,December,UKPN South East,14,61,low,0.0,0.0,61.8,12.1,0.0,0,1.9,1.1,23.1
410,2023-12-30,10:30,Saturday,December,England,15,57,low,3.9,0.0,21.6,11.6,17.2,0,1.8,1.7,42.1
411,2023-12-30,10:30,Saturday,December,Scotland,16,4,very low,0.4,0.0,0.0,0.8,13.0,0,8.8,0.1,76.9
412,2023-12-30,10:30,Saturday,December,Wales,17,42,low,0.1,0.0,0.7,10.4,4.1,0,12.0,0.7,71.9
413,2023-12-30,10:30,Saturday,December,GB,18,49,low,3.2,0.0,17.5,10.2,15.8,0,3.4,1.5,48.4
414,2023-12-30,11:00,Saturday,December,Scottish Hydro Electric Power Distribution,1,0,very low,0.0,0.0,0.0,0.0,0.0,0,20.4,0.0,79.6
415,2023-12-30,11:00,Saturday,December,SP Distribution,2,3,very low,0.4,0.0,0.0,0.7,14.3,0,6.0,0.1,78.6
416,2023-12-30,11:00,Saturday,December,Electricity North West,3,3,very low,0.6,0.0,5.3,0.6,33.7,0,1.8,0.1,57.9
417,2023-12-30,11:00,Saturday,December,NPG North East,4,7,very low,3.5,0.0,35.6,0.2,36.3,0,1.7,0.1,22.6
418,2023-12-30,11:00,Saturday,December,NPG Yorkshire,5,67,low,16.1,0.0,13.4,12.0,17.5,0,0.9,0.2,40.0
419,2023-12-30,11:00,Saturday,December,SP Manweb,6,6,very low,0.3,0.0,1.5,1.5,13.1,0,8.3,0.5,74.8
420,2023-12-30,11:00,Saturday,December,WPD South Wales,7,73,low,0.3,0.0,1.1,18.4,7.0,0,1.3,2.3,69.7
421,2023-12-30,11:00,Saturday,December,WPD West Midlands,8,8,very low,0.9,0.0,4.0,1.7,23.3,0,4.4,1.0,64.7
422,2023-12-30,11:00,Saturday,December,WPD East Midlands,9,65,low,8.8,0.0,11.1,13.0,13.7,0,0.5,1.8,51.2
423,2023-12-30,11:00,Saturday,December,UKPN East,10,34,very low,0.0,0.0,17.6,5.9,22.2,0,0.1,1.6,52.6
424,2023-12-30,11:00,Saturday,December,WPD South West,11,186,moderate,0.3,0.0,9.2,46.5,1.0,0,0.3,15.5,27.1
425,2023-12-30,11:00,Saturday,December,SSE South,12,134,moderate,1.1,0.0,32.6,31.8,3.7,0,1.3,5.5,24.0
426,2023-12-30,11:00,Saturday,December,UKPN London,13,57,low,0.0,0.0,48.1,11.4,6.8,0,1.3,1.4,31.0
427,2023-12-30,11:00,Saturday,December,UKPN South East,14,66,low,0.0,0.0,60.4,13.6,0.0,0,1.8,1.4,22.8
428,2023-12-30,11:00,Saturday,December,England,15,55,low,3.1,0.0,21.2,11.4,16.9,0,1.6,2.2,43.6
429,2023-12-30,11:00,Saturday,December,Scotland,16,3,very low,0.3,0.0,0.0,0.7,12.0,0,6.2,0.0,80.7
430,2023-12-30,11:00,Saturday,December,Wales,17,43,low,0.1,0.0,0.0,11.0,4.0,0,12.6,0.9,71.3
431,2023-12-30,11:00,Saturday,December,GB,18,47,low,2.6,0.0,16.9,9.9,15.4,0,3.0,1.9,50.4
432,2023-12-30,11:30,Saturday,December,Scottish Hydro Electric Power Distribution,1,0,very low,0.0,0.0,0.0,0.0,0.0,0,16.8,0.0,83.2
433,2023-12-30,11:30,Saturday,December,SP Distribution,2,3,very low,0.4,0.0,0.0,0.7,13.2,0,4.8,0.1,80.8
434,2023-12-30,11:30,Saturday,December,Electricity North West,3,3,very low,0.5,0.0,4.8,0.5,33.0,0,1.5,0.1,59.6
435,2023-12-30,11:30,Saturday,December,NPG North East,4,7,very low,3.1,0.0,34.7,0.2,34.0,0,1.5,0.2,26.4
436,2023-12-30,11:30,Saturday,December,NPG Yorkshire,5,68,low,13.5,0.0,12.8,12.9,16.5,0,0.7,0.2,43.3
437,2023-12-30,11:30,Saturday,December,SP Manweb,6,6,very low,0.2,0.0,1.3,1.4,12.5,0,8.7,0.6,75.2
438,2023-12-30,11:30,Saturday,December,WPD South Wales,7,64,low,0.3,0.0,1.1,16.0,7.0,0,1.4,2.7,71.6
439,2023-12-30,11:30,Saturday,December,WPD West Midlands,8,9,very low,0.8,0.0,3.6,1.8,22.5,0,4.4,1.1,65.7
440,2023-12-30,11:30,Saturday,December,WPD East Midlands,9,62,low,6.6,0.0,9.2,13.1,12.9,0,0.4,2.2,55.6
441,2023-12-30,11:30,Saturday,December,UKPN East,10,31,very low,0.0,0.0,12.8,6.0,22.1,0,0.1,2.1,56.9
442,2023-12-30,11:30,Saturday,December,WPD South West,11,194,moderate,0.2,0.0,8.5,48.6,1.1,0,0.3,14.8,26.5
443,2023-12-30,11:30,Saturday,December,SSE South,12,142,moderate,0.9,0.0,31.1,34.1,3.6,0,1.1,5.7,23.6
444,2023-12-30,11:30,Saturday,December,UKPN London,13,57,low,0.0,0.0,45.2,11.6,6.8,0,1.3,1.6,33.4
445,2023-12-30,11:30,Saturday,December,UKPN South East,14,69,low,0.0,0.0,59.6,14.1,0.0,0,1.8,1.4,23.0
446,2023-12-30,11:30,Saturday,December,England,15,55,low,2.6,0.0,20.2,11.8,16.1,0,1.5,2.4,45.4
447,2023-12-30,11:30,Saturday,December,Scotland,16,3,very low,0.3,0.0,0.0,0.8,11.3,0,5.4,0.1,82.2
448,2023-12-30,11:30,Saturday,December,Wales,17,42,low,0.1,0.0,0.0,10.5,4.1,0,11.2,1.1,73.0
449,2023-12-30,11:30,Saturday,December,GB,18,47,low,2.1,0.0,16.3,10.3,14.7,0,2.6,2.0,51.9
450,2023-12-30,12:00,Saturday,December,Scottish Hydro Electric Power Distribution,1,0,very low,0.0,0.0,0.0,0.0,0.0,0,14.1,0.0,85.9
451,2023-12-30,12:00,Saturday,December,SP Distribution,2,3,very low,0.4,0.0,0.0,0.7,12.9,0,4.4,0.1,81.6
452,2023-12-30,12:00,Saturday,December,Electricity North West,3,3,very low,0.5,0.0,4.3,0.7,32.3,0,1.3,0.1,60.8
453,2023-12-30,12:00,Saturday,December,NPG North East,4,7,very low,3.0,0.0,33.4,0.2,32.1,0,1.3,0.1,29.9
454,2023-12-30,12:00,Saturday,December,NPG Yorkshire,5,62,low,13.5,0.0,12.1,11.4,15.9,0,0.7,0.2,46.3
455,2023-12-30,12:00,Saturday,December,SP Manweb,6,6,very low,0.2,0.0,1.1,1.3,12.2,0,9.4,0.7,75.0
456,2023-12-30,12:00,Saturday,December,WPD South Wales,7,55,low,0.3,0.0,1.0,13.9,7.0,0,1.5,2.4,73.9
457,2023-12-30,12:00,Saturday,December,WPD West Midlands,8,9,very low,0.8,0.0,3.3,1.8,21.9,0,4.6,1.3,66.2
458,2023-12-30,12:00,Saturday,December,WPD East Midlands,9,56,low,6.0,0.0,9.0,11.6,11.9,0,0.3,2.5,58.7
459,2023-12-30,12:00,Saturday,December,UKPN East,10,30,very low,0.0,0.0,14.7,5.2,21.1,0,0.1,2.3,56.6
460,2023-12-30,12:00,Saturday,December,WPD South West,11,190,moderate,0.2,0.0,9.2,47.7,1.4,0,0.4,13.9,27.2
461,2023-12-30,12:00,Saturday,December,SSE South,12,139,moderate,0.7,0.0,31.5,33.3,4.0,0,1.3,6.1,23.1
462,2023-12-30,12:00,Saturday,December,UKPN London,13,55,low,0.0,0.0,45.3,11.1,7.0,0,1.3,1.8,33.5
463,2023-12-30,12:00,Saturday,December,UKPN South East,14,67,low,0.0,0.0,59.7,13.8,0.0,0,1.9,1.6,23.0
464,2023-12-30,12:00,Saturday,December,England,15,53,low,2.6,0.0,17.3,11.4,16.2,0,1.5,2.5,48.4
465,2023-12-30,12:00,Saturday,December,Scotland,16,3,very low,0.3,0.0,0.0,0.7,11.3,0,4.8,0.0,83.0
466,2023-12-30,12:00,Saturday,December,Wales,17,30,very low,0.1,0.0,0.0,7.7,4.1,0,12.4,0.9,74.8
467,2023-12-30,12:00,Saturday,December,GB,18,45,low,2.1,0.0,14.0,9.8,14.8,0,2.7,2.1,54.5
468,2023-12-30,12:30,Saturday,December,Scottish Hydro Electric Power Distribution,1,0,very low,0.0,0.0,0.0,0.0,0.0,0,11.1,0.0,88.9
469,2023-12-30,12:30,Saturday,December,SP Distribution,2,3,very low,0.4,0.0,0.0,0.8,11.6,0,3.5,0.1,83.7
470,2023-12-30,12:30,Saturday,December,Electricity North West,3,3,very low,0.5,0.0,3.3,0.6,32.5,0,1.1,0.1,61.9
471,2023-12-30,12:30,Saturday,December,NPG North East,4,6,very low,3.0,0.0,25.9,0.2,36.6,0,1.3,0.2,32.8
472,2023-12-30,12:30,Saturday,December,NPG Yorkshire,5,65,low,13.8,0.0,8.8,12.2,15.0,0,0.6,0.3,49.3
473,2023-12-30,12:30,Saturday,December,SP Manweb,6,6,very low,0.2,0.0,0.8,1.4,11.7,0,11.5,0.6,73.7
474,2023-12-30,12:30,Saturday,December,WPD South Wales,7,64,low,0.3,0.0,0.9,16.1,6.1,0,1.7,1.7,73.2
475,2023-12-30,12:30,Saturday,December,WPD West Midlands,8,10,very low,0.9,0.0,2.8,2.1,21.2,0,5.3,1.3,66.4
476,2023-12-30,12:30,Saturday,December,WPD East Midlands,9,57,low,5.7,0.0,8.6,11.8,10.3,0,0.3,2.4,60.9
477,2023-12-30,12:30,Saturday,December,UKPN East,10,33,very low,0.0,0.0,19.4,4.8,19.7,0,0.1,2.0,54.0
478,2023-12-30,12:30,Saturday,December,WPD South West,11,161,moderate,0.4,0.0,12.9,40.0,2.0,0,0.5,12.3,31.9
479,2023-12-30,12:30,Saturday,December,SSE South,12,97,low,1.0,0.0,34.4,22.3,5.4,0,1.4,5.9,29.6
480,2023-12-30,12:30,Saturday,December,UKPN London,13,51,low,0.0,0.0,45.6,9.7,7.7,0,1.1,1.7,34.1
481,2023-12-30,12:30,Saturday,December,UKPN South East,14,63,low,0.0,0.0,60.9,12.5,0.0,0,1.7,1.6,23.3
482,2023-12-30,12:30,Saturday,December,England,15,47,low,2.6,0.0,16.6,9.8,16.1,0,1.6,2.3,51.0
483,2023-12-30,12:30,Saturday,December,Scotland,16,3,very low,0.3,0.0,0.0,0.7,10.7,0,2.6,0.1,85.6
484,2023-12-30,12:30,Saturday,December,Wales,17,30,very low,0.1,0.0,0.0,7.7,3.9,0,15.8,0.7,71.8
485,2023-12-30,12:30,Saturday,December,GB,18,40,low,2.1,0.0,13.4,8.5,14.7,0,2.7,2.0,56.7
486,2023-12-30,13:00,Saturday,December,Scottish Hydro Electric Power Distribution,1,0,very low,0.0,0.0,0.0,0.0,0.0,0,10.3,0.0,89.7
487,2023-12-30,13:00,Saturday,December,SP Distribution,2,3,very low,0.4,0.0,0.0,0.7,11.8,0,3.3,0.1,83.8
488,2023-12-30,13:00,Saturday,December,Electricity North West,3,3,very low,0.4,0.0,2.8,0.6,32.1,0,1.1,0.1,62.9
489,2023-12-30,13:00,Saturday,December,NPG North East,4,6,very low,2.9,0.0,23.9,0.3,34.7,0,1.2,0.1,37.0
490,2023-12-30,13:00,Saturday,December,NPG Yorkshire,5,58,low,13.1,0.0,7.6,10.6,14.1,0,0.5,0.2,53.8
491,2023-12-30,13:00,Saturday,December,SP Manweb,6,5,very low,0.2,0.0,0.7,1.1,11.7,0,12.0,0.6,73.7
492,2023-12-30,13:00,Saturday,December,WPD South Wales,7,71,low,0.3,0.0,0.7,17.8,5.5,0,1.6,1.5,72.6
493,2023-12-30,13:00,Saturday,December,WPD West Midlands,8,9,very low,0.9,0.0,2.3,2.0,21.2,0,5.6,1.1,67.0
494,2023-12-30,13:00,Saturday,December,WPD East Midlands,9,57,low,5.6,0.0,7.0,12.1,10.0,0,0.2,2.2,62.9
495,2023-12-30,13:00,Saturday,December,UKPN East,10,20,very low,0.0,0.0,17.8,2.0,20.4,0,0.1,2.0,57.9
496,2023-12-30,13:00,Saturday,December,WPD South West,11,151,moderate,0.5,0.0,13.7,37.4,2.1,0,0.6,10.9,34.8
497,2023-12-30,13:00,Saturday,December,SSE South,12,85,low,1.2,0.0,33.3,19.3,5.6,0,1.5,5.0,34.1
498,2023-12-30,13:00,Saturday,December,UKPN London,13,46,low,0.0,0.0,45.1,8.5,7.7,0,1.1,1.6,36.0
499,2023-12-30,13:00,Saturday,December,UKPN South East,14,62,low,0.0,0.0,61.1,12.3,0.0,0,1.6,1.5,23.5
500,2023-12-30,13:00,Saturday,December,England,15,43,low,2.5,0.0,17.2,8.8,15.8,0,1.6,2.1,52.1
501,2023-12-30,13:00,Saturday,December,Scotland,16,3,very low,0.3,0.0,0.0,0.6,10.4,0,2.4,0.1,86.2
502,2023-12-30,13:00,Saturday,December,Wales,17,23,very low,0.1,0.0,0.0,5.9,3.9,0,15.9,0.6,73.5
503,2023-12-30,13:00,Saturday,December,GB,18,36,very low,2.1,0.0,13.9,7.6,14.4,0,2.6,1.7,57.7
504,2023-12-30,13:30,Saturday,December,Scottish Hydro Electric Power Distribution,1,0,very low,0.0,0.0,0.0,0.0,0.0,0,8.8,0.0,91.2
505,2023-12-30,13:30,Saturday,December,SP Distribution,2,4,very low,0.4,0.0,0.0,1.0,12.0,0,2.8,0.1,83.7
506,2023-12-30,13:30,Saturday,December,Electricity North West,3,5,very low,0.5,0.0,1.6,1.0,31.8,0,1.0,0.1,64.1
507,2023-12-30,13:30,Saturday,December,NPG North East,4,7,very low,3.3,0.0,15.4,0.4,36.4,0,1.2,0.2,43.0
508,2023-12-30,13:30,Saturday,December,NPG Yorkshire,5,72,low,13.0,0.0,4.1,14.2,12.9,0,0.4,0.2,55.2
509,2023-12-30,13:30,Saturday,December,SP Manweb,6,4,very low,0.2,0.0,0.4,1.0,11.9,0,14.0,0.5,71.9
510,2023-12-30,13:30,Saturday,December,WPD South Wales,7,99,low,0.2,0.0,0.3,25.0,3.9,0,1.3,1.3,68.1
511,2023-12-30,13:30,Saturday,December,WPD West Midlands,8,12,very low,1.0,0.0,1.1,2.6,21.2,0,6.4,0.8,66.9
512,2023-12-30,13:30,Saturday,December,WPD East Midlands,9,75,low,6.3,0.0,2.4,17.0,8.9,0,0.2,1.8,63.4
513,2023-12-30,13:30,Saturday,December,UKPN East,10,10,very low,0.0,0.0,3.6,2.3,23.8,0,0.1,1.9,68.3
514,2023-12-30,13:30,Saturday,December,WPD South West,11,176,moderate,0.6,0.0,10.5,43.9,2.5,0,0.6,8.7,33.2
515,2023-12-30,13:30,Saturday,December,SSE South,12,72,low,1.7,0.0,30.8,16.0,6.4,0,1.7,3.9,39.6
516,2023-12-30,13:30,Saturday,December,UKPN London,13,50,low,0.0,0.0,40.3,10.5,8.3,0,1.0,1.5,38.5
517,2023-12-30,13:30,Saturday,December,UKPN South East,14,72,low,0.0,0.0,60.0,14.9,0.0,0,1.4,1.2,22.5
518,2023-12-30,13:30,Saturday,December,England,15,47,low,2.6,0.0,13.4,10.4,15.9,0,1.6,1.7,54.3
519,2023-12-30,13:30,Saturday,December,Scotland,16,3,very low,0.3,0.0,0.0,0.8,10.6,0,2.6,0.1,85.7
520,2023-12-30,13:30,Saturday,December,Wales,17,36,very low,0.1,0.0,0.0,9.1,3.9,0,16.7,0.5,69.7
521,2023-12-30,13:30,Saturday,December,GB,18,41,low,2.2,0.0,10.9,9.1,14.4,0,2.8,1.4,59.2
522,2023-12-30,14:00,Saturday,December,Scottish Hydro Electric Power Distribution,1,0,very low,0.0,0.0,0.0,0.0,0.0,0,11.8,0.0,88.2
523,2023-12-30,14:00,Saturday,December,SP Distribution,2,5,very low,0.4,0.0,0.0,1.0,12.3,0,4.2,0.0,82.0
524,2023-12-30,14:00,Saturday,December,Electricity North West,3,3,very low,0.5,0.0,1.6,0.7,32.3,0,1.5,0.1,63.4
525,2023-12-30,14:00,Saturday,December,NPG North East,4,7,very low,3.4,0.0,15.2,0.4,36.4,0,1.8,0.1,42.7
526,2023-12-30,14:00,Saturday,December,NPG Yorkshire,5,63,low,12.8,0.0,4.0,12.0,12.6,0,0.6,0.1,57.9
527,2023-12-30,14:00,Saturday,December,SP Manweb,6,2,very low,0.2,0.0,0.4,0.5,11.8,0,20.2,0.3,66.6
528,2023-12-30,14:00,Saturday,December,WPD South Wales,7,125,moderate,0.2,0.0,0.2,31.8,3.3,0,1.5,0.6,62.3
529,2023-12-30,14:00,Saturday,December,WPD West Midlands,8,11,very low,1.0,0.0,1.2,2.4,20.9,0,9.4,0.5,64.8
530,2023-12-30,14:00,Saturday,December,WPD East Midlands,9,75,low,6.0,0.0,2.3,17.2,8.3,0,0.3,1.2,64.6
531,2023-12-30,14:00,Saturday,December,UKPN East,10,12,very low,0.0,0.0,3.9,2.8,24.0,0,0.1,1.3,68.0
532,2023-12-30,14:00,Saturday,December,WPD South West,11,173,moderate,0.6,0.0,11.7,43.2,3.6,0,1.2,6.5,33.2
533,2023-12-30,14:00,Saturday,December,SSE South,12,76,low,1.5,0.0,30.7,17.2,7.6,0,2.7,2.7,37.5
534,2023-12-30,14:00,Saturday,December,UKPN London,13,51,low,0.0,0.0,40.2,10.8,9.7,0,1.6,1.0,36.8
535,2023-12-30,14:00,Saturday,December,UKPN South East,14,72,low,0.0,0.0,59.8,15.1,0.1,0,2.4,0.9,21.7
536,2023-12-30,14:00,Saturday,December,England,15,48,low,2.6,0.0,13.5,10.7,16.1,0,2.4,1.2,53.5
537,2023-12-30,14:00,Saturday,December,Scotland,16,4,very low,0.3,0.0,0.0,0.8,10.4,0,4.5,0.0,84.0
538,2023-12-30,14:00,Saturday,December,Wales,17,35,very low,0.1,0.0,0.0,8.8,3.6,0,22.7,0.3,64.4
539,2023-12-30,14:00,Saturday,December,GB,18,41,low,2.1,0.0,10.8,9.3,14.5,0,4.2,1.0,58.2
540,2023-12-30,14:30,Saturday,December,Scottish Hydro Electric Power Distribution,1,0,very low,0.0,0.0,0.0,0.0,0.0,0,12.5,0.0,87.5
541,2023-12-30,14:30,Saturday,December,SP Distribution,2,5,very low,0.4,0.0,0.0,1.1,12.4,0,4.6,0.0,81.5
542,2023-12-30,14:30,Saturday,December,Electricity North West,3,3,very low,0.5,0.0,1.9,0.7,32.6,0,1.6,0.0,62.6
543,2023-12-30,14:30,Saturday,December,NPG North East,4,7,very low,3.8,0.0,16.9,0.5,34.9,0,1.9,0.1,42.1
544,2023-12-30,14:30,Saturday,December,NPG Yorkshire,5,64,low,12.2,0.0,4.2,12.4,12.2,0,0.6,0.1,58.1
545,2023-12-30,14:30,Saturday,December,SP Manweb,6,2,very low,0.2,0.0,0.5,0.5,11.6,0,22.9,0.2,64.1
546,2023-12-30,14:30,Saturday,December,WPD South Wales,7,139,moderate,0.2,0.0,0.2,35.2,3.7,0,1.7,0.3,58.7
547,2023-12-30,14:30,Saturday,December,WPD West Midlands,8,11,very low,1.0,0.0,1.3,2.4,20.7,0,10.9,0.3,63.3
548,2023-12-30,14:30,Saturday,December,WPD East Midlands,9,76,low,6.1,0.0,2.5,17.4,8.2,0,0.4,0.5,64.9
549,2023-12-30,14:30,Saturday,December,UKPN East,10,8,very low,0.0,0.0,3.4,1.8,24.1,0,0.1,0.6,70.0
550,2023-12-30,14:30,Saturday,December,WPD South West,11,151,moderate,0.8,0.0,14.0,37.2,4.0,0,1.9,3.8,38.3
551,2023-12-30,14:30,Saturday,December,SSE South,12,74,low,1.7,0.0,28.7,16.9,7.3,0,3.7,1.4,40.4
552,2023-12-30,14:30,Saturday,December,UKPN London,13,52,low,0.0,0.0,38.6,11.1,9.5,0,1.7,0.5,38.6
553,2023-12-30,14:30,Saturday,December,UKPN South East,14,77,low,0.0,0.0,58.5,16.4,0.1,0,2.8,0.5,21.8
554,2023-12-30,14:30,Saturday,December,England,15,46,low,2.6,0.0,13.5,10.3,16.1,0,2.8,0.6,54.0
555,2023-12-30,14:30,Saturday,December,Scotland,16,4,very low,0.3,0.0,0.0,0.9,10.0,0,5.1,0.0,83.7
556,2023-12-30,14:30,Saturday,December,Wales,17,42,low,0.1,0.0,0.0,10.7,3.5,0,25.6,0.1,60.0
557,2023-12-30,14:30,Saturday,December,GB,18,41,low,2.1,0.0,10.8,9.1,14.3,0,4.8,0.5,58.3
558,2023-12-30,15:00,Saturday,December,Scottish Hydro Electric Power Distribution,1,0,very low,0.0,0.0,0.0,0.0,0.0,0,15.2,0.0,84.8
559,2023-12-30,15:00,Saturday,December,SP Distribution,2,6,very low,0.4,0.0,0.0,1.4,12.9,0,6.1,0.0,79.2
560,2023-12-30,15:00,Saturday,December,Electricity North West,3,3,very low,0.6,0.0,2.3,0.6,34.0,0,2.2,0.0,60.4
561,2023-12-30,15:00,Saturday,December,NPG North East,4,8,very low,3.7,0.0,17.5,0.6,35.7,0,2.4,0.0,40.1
562,2023-12-30,15:00,Saturday,December,NPG Yorkshire,5,71,low,11.4,0.0,4.6,14.5,11.9,0,0.8,0.0,56.7
563,2023-12-30,15:00,Saturday,December,SP Manweb,6,2,very low,0.2,0.0,0.5,0.5,11.5,0,31.2,0.0,56.0
564,2023-12-30,15:00,Saturday,December,WPD South Wales,7,166,moderate,0.1,0.0,0.1,42.2,2.9,0,2.1,0.1,52.4
565,2023-12-30,15:00,Saturday,December,WPD West Midlands,8,10,very low,0.9,0.0,1.5,2.1,20.8,0,15.4,0.1,59.2
566,2023-12-30,15:00,Saturday,December,WPD East Midlands,9,87,low,6.8,0.0,2.7,19.9,8.1,0,0.5,0.1,62.0
567,2023-12-30,15:00,Saturday,December,UKPN East,10,5,very low,0.1,0.0,0.0,1.3,24.4,0,0.1,0.2,73.9
568,2023-12-30,15:00,Saturday,December,WPD South West,11,135,moderate,1.4,0.0,12.6,33.1,4.5,0,2.9,1.5,44.0
569,2023-12-30,15:00,Saturday,December,SSE South,12,67,low,2.4,0.0,22.3,15.1,6.9,0,4.8,0.4,48.1
570,2023-12-30,15:00,Saturday,December,UKPN London,13,35,very low,0.1,0.0,33.9,7.3,8.9,0,1.9,0.2,47.8
571,2023-12-30,15:00,Saturday,December,UKPN South East,14,58,low,0.0,0.0,59.8,11.8,0.0,0,3.1,0.2,25.2
572,2023-12-30,15:00,Saturday,December,England,15,45,low,2.6,0.0,13.6,9.9,15.9,0,3.8,0.2,54.0
573,2023-12-30,15:00,Saturday,December,Scotland,16,4,very low,0.3,0.0,0.0,1.0,10.0,0,7.1,0.0,81.7
574,2023-12-30,15:00,Saturday,December,Wales,17,43,low,0.1,0.0,0.0,10.8,3.3,0,32.9,0.0,52.9
575,2023-12-30,15:00,Saturday,December,GB,18,39,very low,2.1,0.0,10.7,8.8,14.1,0,6.6,0.2,57.5
576,2023-12-30,15:30,Saturday,December,Scottish Hydro Electric Power Distribution,1,0,very low,0.0,0.0,0.0,0.0,0.0,0,13.7,0.0,86.3
577,2023-12-30,15:30,Saturday,December,SP Distribution,2,6,very low,0.3,0.0,0.0,1.4,12.3,0,5.6,0.0,80.4
578,2023-12-30,15:30,Saturday,December,Electricity North West,3,3,very low,0.6,0.0,3.9,0.6,34.7,0,1.9,0.0,58.4
579,2023-12-30,15:30,Saturday,December,NPG North East,4,8,very low,3.3,0.0,27.0,0.5,33.0,0,1.7,0.0,34.4
580,2023-12-30,15:30,Saturday,December,NPG Yorkshire,5,68,low,11.2,0.0,7.1,13.7,11.0,0,0.6,0.0,56.4
581,2023-12-30,15:30,Saturday,December,SP Manweb,6,2,very low,0.2,0.0,0.9,0.5,11.2,0,36.2,0.0,51.1
582,2023-12-30,15:30,Saturday,December,WPD South Wales,7,157,moderate,0.2,0.0,0.5,39.8,4.0,0,2.9,0.0,52.6
583,2023-12-30,15:30,Saturday,December,WPD West Midlands,8,10,very low,1.0,0.0,2.6,2.2,20.7,0,17.0,0.0,56.4
584,2023-12-30,15:30,Saturday,December,WPD East Midlands,9,71,low,6.0,0.0,4.9,15.9,8.2,0,0.3,0.0,64.6
585,2023-12-30,15:30,Saturday,December,UKPN East,10,11,very low,0.0,0.0,12.5,0.6,22.4,0,0.1,0.0,64.3
586,2023-12-30,15:30,Saturday,December,WPD South West,11,106,low,1.2,0.0,20.9,25.4,4.2,0,3.0,0.0,45.3
587,2023-12-30,15:30,Saturday,December,SSE South,12,66,low,1.8,0.0,31.3,14.4,5.8,0,4.2,0.0,42.5
588,2023-12-30,15:30,Saturday,December,UKPN London,13,38,very low,0.0,0.0,43.4,6.7,7.9,0,1.6,0.0,40.5
589,2023-12-30,15:30,Saturday,December,UKPN South East,14,56,low,0.0,0.0,63.6,10.7,0.0,0,2.6,0.0,23.1
590,2023-12-30,15:30,Saturday,December,England,15,40,low,2.5,0.0,15.7,8.6,16.4,0,3.8,0.0,53.1
591,2023-12-30,15:30,Saturday,December,Scotland,16,4,very low,0.3,0.0,0.0,1.0,9.3,0,7.4,0.0,82.1
592,2023-12-30,15:30,Saturday,December,Wales,17,37,very low,0.1,0.0,0.0,9.4,3.0,0,38.3,0.0,49.2
593,2023-12-30,15:30,Saturday,December,GB,18,35,very low,2.0,0.0,12.3,7.7,14.3,0,7.3,0.0,56.4
594,2023-12-30,16:00,Saturday,December,Scottish Hydro Electric Power Distribution,1,0,very low,0.0,0.0,0.0,0.0,0.0,0,13.5,0.0,86.5
595,2023-12-30,16:00,Saturday,December,SP Distribution,2,7,very low,0.3,0.0,0.0,1.7,11.0,0,5.7,0.0,81.3
596,2023-12-30,16:00,Saturday,December,Electricity North West,3,4,very low,0.6,0.0,4.7,0.6,35.2,0,1.8,0.0,57.0
597,2023-12-30,16:00,Saturday,December,NPG North East,4,8,very low,3.3,0.0,29.7,0.5,35.1,0,1.5,0.0,29.9
598,2023-12-30,16:00,Saturday,December,NPG Yorkshire,5,73,low,11.3,0.0,7.3,15.0,10.3,0,0.5,0.0,55.5
599,2023-12-30,16:00,Saturday,December,SP Manweb,6,2,very low,0.2,0.0,1.1,0.5,10.8,0,37.4,0.0,50.0
600,2023-12-30,16:00,Saturday,December,WPD South Wales,7,191,moderate,0.1,0.0,0.4,48.4,4.2,0,3.0,0.1,43.8
601,2023-12-30,16:00,Saturday,December,WPD West Midlands,8,12,very low,1.1,0.0,3.2,2.5,20.8,0,17.2,0.0,55.1
602,2023-12-30,16:00,Saturday,December,WPD East Midlands,9,70,low,5.7,0.0,5.7,15.5,8.1,0,0.2,0.1,64.7
603,2023-12-30,16:00,Saturday,December,UKPN East,10,15,very low,0.0,0.0,16.6,0.9,20.6,0,0.2,0.0,61.6
604,2023-12-30,16:00,Saturday,December,WPD South West,11,92,low,1.3,0.0,24.4,21.6,3.8,0,2.5,0.8,45.6
605,2023-12-30,16:00,Saturday,December,SSE South,12,80,low,1.7,0.0,32.2,18.0,5.0,0,3.4,0.1,39.7
606,2023-12-30,16:00,Saturday,December,UKPN London,13,46,low,0.0,0.0,44.2,8.6,7.3,0,1.7,0.1,38.2
607,2023-12-30,16:00,Saturday,December,UKPN South East,14,66,low,0.0,0.0,61.2,13.3,0.0,0,2.5,0.1,23.0
608,2023-12-30,16:00,Saturday,December,England,15,46,low,2.4,0.0,16.8,9.9,16.2,0,3.5,0.1,51.2
609,2023-12-30,16:00,Saturday,December,Scotland,16,5,very low,0.3,0.0,0.0,1.1,8.3,0,7.1,0.0,83.3
610,2023-12-30,16:00,Saturday,December,Wales,17,31,very low,0.1,0.0,0.0,7.7,2.4,0,40.1,0.0,49.6
611,2023-12-30,16:00,Saturday,December,GB,18,39,very low,1.9,0.0,13.1,8.6,13.9,0,7.4,0.1,55.1
612,2023-12-30,16:30,Saturday,December,Scottish Hydro Electric Power Distribution,1,0,very low,0.0,0.0,0.0,0.0,0.0,0,13.4,0.0,86.6
613,2023-12-30,16:30,Saturday,December,SP Distribution,2,8,very low,0.4,0.0,0.0,1.8,10.7,0,5.8,0.0,81.2
614,2023-12-30,16:30,Saturday,December,Electricity North West,3,5,very low,0.8,0.0,6.4,0.9,34.9,0,1.8,0.0,55.2
615,2023-12-30,16:30,Saturday,December,NPG North East,4,9,very low,3.9,0.0,36.2,0.4,33.0,0,1.4,0.0,25.0
616,2023-12-30,16:30,Saturday,December,NPG Yorkshire,5,79,low,13.2,0.0,8.4,16.0,9.3,0,0.4,0.0,52.6
617,2023-12-30,16:30,Saturday,December,SP Manweb,6,5,very low,0.3,0.0,3.0,0.6,10.6,0,37.0,0.0,48.6
618,2023-12-30,16:30,Saturday,December,WPD South Wales,7,175,moderate,0.3,0.0,1.2,44.3,4.7,0,3.3,0.1,46.1
619,2023-12-30,16:30,Saturday,December,WPD West Midlands,8,16,very low,1.5,0.0,5.1,3.3,20.0,0,16.4,0.0,53.7
620,2023-12-30,16:30,Saturday,December,WPD East Midlands,9,73,low,6.2,0.0,7.4,15.9,7.6,0,0.2,0.0,62.7
621,2023-12-30,16:30,Saturday,December,UKPN East,10,18,very low,0.0,0.0,20.3,1.0,19.3,0,0.2,0.0,59.2
622,2023-12-30,16:30,Saturday,December,WPD South West,11,100,low,1.3,0.0,26.4,23.5,3.7,0,2.3,1.1,41.7
623,2023-12-30,16:30,Saturday,December,SSE South,12,88,low,1.7,0.0,34.7,19.6,4.8,0,3.1,0.0,36.1
624,2023-12-30,16:30,Saturday,December,UKPN London,13,51,low,0.0,0.0,45.0,9.5,7.4,0,1.6,0.0,36.4
625,2023-12-30,16:30,Saturday,December,UKPN South East,14,70,low,0.0,0.0,59.8,14.6,0.0,0,2.6,0.0,23.1
626,2023-12-30,16:30,Saturday,December,England,15,48,low,2.9,0.0,18.6,10.1,15.5,0,3.3,0.0,49.5
627,2023-12-30,16:30,Saturday,December,Scotland,16,5,very low,0.3,0.0,0.0,1.3,8.3,0,7.2,0.0,83.0
628,2023-12-30,16:30,Saturday,December,Wales,17,36,very low,0.1,0.0,1.5,8.6,2.4,0,40.1,0.0,47.2
629,2023-12-30,16:30,Saturday,December,GB,18,42,low,2.3,0.0,14.7,8.9,13.4,0,7.2,0.0,53.5
630,2023-12-30,17:00,Saturday,December,Scottish Hydro Electric Power Distribution,1,0,very low,0.0,0.0,0.0,0.0,0.0,0,16.4,0.0,83.6
631,2023-12-30,17:00,Saturday,December,SP Distribution,2,6,very low,0.5,0.0,0.0,1.3,10.9,0,7.6,0.1,79.6
632,2023-12-30,17:00,Saturday,December,Electricity North West,3,7,very low,1.0,0.0,6.7,1.4,35.6,0,2.2,0.1,53.0
633,2023-12-30,17:00,Saturday,December,NPG North East,4,9,very low,4.9,0.0,37.4,0.3,33.0,0,1.4,0.1,22.9
634,2023-12-30,17:00,Saturday,December,NPG Yorkshire,5,70,low,15.3,0.0,8.7,12.9,9.0,0,0.4,0.0,53.7
635,2023-12-30,17:00,Saturday,December,SP Manweb,6,14,very low,0.3,0.0,2.8,3.1,10.6,0,35.9,0.0,47.3
636,2023-12-30,17:00,Saturday,December,WPD South Wales,7,185,moderate,0.3,0.0,1.0,46.8,6.8,0,4.0,0.1,40.9
637,2023-12-30,17:00,Saturday,December,WPD West Midlands,8,24,very low,1.7,0.0,5.1,5.2,19.8,0,15.8,0.1,52.3
638,2023-12-30,17:00,Saturday,December,WPD East Midlands,9,83,low,6.6,0.0,7.0,18.4,7.0,0,0.2,0.0,60.8
639,2023-12-30,17:00,Saturday,December,UKPN East,10,20,very low,0.0,0.0,19.9,1.5,19.2,0,0.1,0.0,59.4
640,2023-12-30,17:00,Saturday,December,WPD South West,11,91,low,1.6,0.0,27.7,21.0,3.4,0,2.0,1.0,43.4
641,2023-12-30,17:00,Saturday,December,SSE South,12,89,low,1.9,0.0,34.6,20.0,4.1,0,2.5,0.0,36.9
642,2023-12-30,17:00,Saturday,December,UKPN London,13,38,very low,0.0,0.0,45.6,6.1,7.9,0,1.5,0.0,38.9
643,2023-12-30,17:00,Saturday,December,UKPN South East,14,50,low,0.0,0.0,63.4,9.3,0.0,0,2.6,0.0,24.7
644,2023-12-30,17:00,Saturday,December,England,15,48,low,3.3,0.0,19.9,9.8,15.4,0,3.2,0.1,48.3
645,2023-12-30,17:00,Saturday,December,Scotland,16,5,very low,0.3,0.0,0.0,1.2,8.5,0,8.7,0.0,81.3
646,2023-12-30,17:00,Saturday,December,Wales,17,47,low,0.1,0.0,2.1,11.3,2.4,0,39.5,0.1,44.6
647,2023-12-30,17:00,Saturday,December,GB,18,43,low,2.6,0.0,15.7,8.8,13.3,0,7.3,0.1,52.2
648,2023-12-30,17:30,Saturday,December,Scottish Hydro Electric Power Distribution,1,0,very low,0.0,0.0,0.0,0.0,0.0,0,17.1,0.0,82.9
649,2023-12-30,17:30,Saturday,December,SP Distribution,2,6,very low,0.4,0.0,0.0,1.3,11.4,0,8.1,0.0,78.7
650,2023-12-30,17:30,Saturday,December,Electricity North West,3,7,very low,0.9,0.0,7.0,1.3,36.5,0,2.3,0.0,52.0
651,2023-12-30,17:30,Saturday,December,NPG North East,4,9,very low,4.6,0.0,38.1,0.2,34.4,0,1.4,0.0,21.3
652,2023-12-30,17:30,Saturday,December,NPG Yorkshire,5,66,low,14.0,0.0,8.9,12.4,8.6,0,0.4,0.0,55.7
653,2023-12-30,17:30,Saturday,December,SP Manweb,6,14,very low,0.3,0.0,2.5,3.1,10.9,0,34.9,0.0,48.2
654,2023-12-30,17:30,Saturday,December,WPD South Wales,7,154,moderate,0.5,0.0,1.5,38.9,9.5,0,5.9,0.0,43.7
655,2023-12-30,17:30,Saturday,December,WPD West Midlands,8,26,very low,1.6,0.0,5.2,5.8,19.8,0,14.8,0.0,52.8
656,2023-12-30,17:30,Saturday,December,WPD East Midlands,9,89,low,5.5,0.0,6.9,20.2,7.0,0,0.2,0.0,60.2
657,2023-12-30,17:30,Saturday,December,UKPN East,10,18,very low,0.0,0.0,19.7,1.0,19.0,0,0.1,0.0,60.2
658,2023-12-30,17:30,Saturday,December,WPD South West,11,94,low,1.3,0.0,29.4,21.6,3.1,0,1.7,0.0,42.9
659,2023-12-30,17:30,Saturday,December,SSE South,12,92,low,1.6,0.0,35.6,20.8,3.6,0,2.0,0.0,36.3
660,2023-12-30,17:30,Saturday,December,UKPN London,13,34,very low,0.0,0.0,45.5,5.1,7.9,0,1.6,0.0,39.8
661,2023-12-30,17:30,Saturday,December,UKPN South East,14,45,low,0.0,0.0,63.9,8.0,0.0,0,2.7,0.0,25.4
662,2023-12-30,17:30,Saturday,December,England,15,46,low,3.0,0.0,20.3,9.4,15.6,0,2.9,0.0,48.8
663,2023-12-30,17:30,Saturday,December,Scotland,16,5,very low,0.3,0.0,0.0,1.2,8.6,0,10.1,0.0,79.8
664,2023-12-30,17:30,Saturday,December,Wales,17,54,low,0.1,0.0,2.5,13.1,2.7,0,37.6,0.0,44.1
665,2023-12-30,17:30,Saturday,December,GB,18,42,low,2.3,0.0,16.0,8.7,13.5,0,7.1,0.0,52.4
666,2023-12-30,18:00,Saturday,December,Scottish Hydro Electric Power Distribution,1,0,very low,0.0,0.0,0.0,0.0,0.0,0,20.1,0.0,79.9
667,2023-12-30,18:00,Saturday,December,SP Distribution,2,6,very low,0.4,0.0,0.4,1.2,11.6,0,9.8,0.0,76.6
668,2023-12-30,18:00,Saturday,December,Electricity North West,3,13,very low,0.8,0.0,7.0,2.8,36.3,0,2.6,0.0,50.4
669,2023-12-30,18:00,Saturday,December,NPG North East,4,8,very low,3.9,0.0,39.5,0.2,34.6,0,1.5,0.0,20.4
670,2023-12-30,18:00,Saturday,December,NPG Yorkshire,5,60,low,12.1,0.0,9.0,11.3,8.6,0,0.4,0.0,58.5
671,2023-12-30,18:00,Saturday,December,SP Manweb,6,19,very low,0.3,0.0,5.0,3.8,11.9,0,26.8,0.1,52.1
672,2023-12-30,18:00,Saturday,December,WPD South Wales,7,101,low,0.7,0.0,3.2,25.1,12.2,0,6.1,0.2,52.6
673,2023-12-30,18:00,Saturday,December,WPD West Midlands,8,32,very low,1.4,0.0,6.2,7.1,20.6,0,11.2,0.1,53.4
674,2023-12-30,18:00,Saturday,December,WPD East Midlands,9,91,low,4.4,0.0,6.9,21.1,6.9,0,0.2,0.2,60.5
675,2023-12-30,18:00,Saturday,December,UKPN East,10,20,very low,0.0,0.0,19.3,1.7,18.5,0,0.2,0.1,60.2
676,2023-12-30,18:00,Saturday,December,WPD South West,11,94,low,1.0,0.0,30.4,21.6,2.8,0,1.7,0.1,42.3
677,2023-12-30,18:00,Saturday,December,SSE South,12,100,low,1.2,0.0,35.8,22.8,3.3,0,2.0,0.1,34.8
678,2023-12-30,18:00,Saturday,December,UKPN London,13,38,very low,0.0,0.0,44.9,6.2,7.6,0,2.0,0.1,39.3
679,2023-12-30,18:00,Saturday,December,UKPN South East,14,49,low,0.0,0.0,62.3,9.2,0.0,0,3.3,0.0,25.2
680,2023-12-30,18:00,Saturday,December,England,15,47,low,2.5,0.0,20.4,9.7,15.6,0,2.5,0.0,49.3
681,2023-12-30,18:00,Saturday,December,Scotland,16,5,very low,0.2,0.0,0.3,1.2,9.4,0,11.3,0.0,77.6
682,2023-12-30,18:00,Saturday,December,Wales,17,48,low,0.1,0.0,2.0,11.6,3.2,0,33.0,0.0,50.1
683,2023-12-30,18:00,Saturday,December,GB,18,42,low,2.0,0.0,16.2,8.8,13.7,0,6.4,0.0,53.1
684,2023-12-30,18:30,Saturday,December,Scottish Hydro Electric Power Distribution,1,0,very low,0.0,0.0,0.0,0.0,0.0,0,19.1,0.0,80.9
685,2023-12-30,18:30,Saturday,December,SP Distribution,2,8,very low,0.3,0.0,0.0,1.9,13.0,0,8.9,0.0,75.9
686,2023-12-30,18:30,Saturday,December,Electricity North West,3,5,very low,0.7,0.0,7.5,1.0,37.5,0,2.4,0.0,50.9
687,2023-12-30,18:30,Saturday,December,NPG North East,4,8,very low,3.4,0.0,41.1,0.3,35.1,0,1.3,0.0,18.9
688,2023-12-30,18:30,Saturday,December,NPG Yorkshire,5,77,low,11.6,0.0,8.1,15.9,7.6,0,0.3,0.0,56.6
689,2023-12-30,18:30,Saturday,December,SP Manweb,6,7,very low,0.3,0.0,3.3,1.5,14.1,0,23.6,0.0,57.4
690,2023-12-30,18:30,Saturday,December,WPD South Wales,7,108,low,0.8,0.0,3.4,26.9,12.3,0,4.8,0.0,52.0
691,2023-12-30,18:30,Saturday,December,WPD West Midlands,8,21,very low,1.5,0.0,6.6,4.5,21.6,0,9.0,0.0,56.8
692,2023-12-30,18:30,Saturday,December,WPD East Midlands,9,61,low,4.5,0.0,7.9,13.3,7.6,0,0.2,0.0,66.5
693,2023-12-30,18:30,Saturday,December,UKPN East,10,21,very low,0.0,0.0,19.1,1.8,18.2,0,0.2,0.0,60.8
694,2023-12-30,18:30,Saturday,December,WPD South West,11,105,low,0.9,0.0,30.3,24.5,2.4,0,1.5,0.0,40.5
695,2023-12-30,18:30,Saturday,December,SSE South,12,115,low,1.0,0.0,35.3,26.8,2.9,0,1.8,0.0,32.3
696,2023-12-30,18:30,Saturday,December,UKPN London,13,40,low,0.0,0.0,44.4,6.8,7.3,0,2.0,0.0,39.5
697,2023-12-30,18:30,Saturday,December,UKPN South East,14,53,low,0.0,0.0,61.3,10.2,0.0,0,3.3,0.0,25.3
698,2023-12-30,18:30,Saturday,December,England,15,46,low,2.4,0.0,20.7,9.5,15.7,0,1.9,0.0,49.8
699,2023-12-30,18:30,Saturday,December,Scotland,16,6,very low,0.2,0.0,0.9,1.3,10.2,0,10.0,0.0,77.4
700,2023-12-30,18:30,Saturday,December,Wales,17,42,low,0.1,0.0,2.4,10.0,3.7,0,29.6,0.0,54.1
701,2023-12-30,18:30,Saturday,December,GB,18,41,low,1.9,0.0,16.6,8.5,13.9,0,5.4,0.0,53.7
702,2023-12-30,19:00,Saturday,December,Scottish Hydro Electric Power Distribution,1,0,very low,0.0,0.0,0.0,0.0,0.0,0,19.2,0.0,80.8
703,2023-12-30,19:00,Saturday,December,SP Distribution,2,5,very low,0.3,0.0,0.0,1.2,14.3,0,8.8,0.0,75.4
704,2023-12-30,19:00,Saturday,December,Electricity North West,3,12,very low,0.7,0.0,7.3,2.7,36.3,0,2.3,0.0,50.7
705,2023-12-30,19:00,Saturday,December,NPG North East,4,7,very low,3.3,0.0,40.6,0.2,35.6,0,1.4,0.0,19.0
706,2023-12-30,19:00,Saturday,December,NPG Yorkshire,5,54,low,12.2,0.0,8.8,9.9,8.3,0,0.4,0.1,60.3
707,2023-12-30,19:00,Saturday,December,SP Manweb,6,23,very low,0.3,0.0,5.8,4.9,14.9,0,14.6,0.1,59.5
708,2023-12-30,19:00,Saturday,December,WPD South Wales,7,75,low,0.9,0.0,4.3,18.3,14.2,0,3.8,0.1,58.4
709,2023-12-30,19:00,Saturday,December,WPD West Midlands,8,32,very low,1.4,0.0,6.7,7.2,21.8,0,5.9,0.1,56.8
710,2023-12-30,19:00,Saturday,December,WPD East Midlands,9,81,low,4.4,0.0,7.1,18.5,6.9,0,0.2,0.1,62.9
711,2023-12-30,19:00,Saturday,December,UKPN East,10,19,very low,0.0,0.0,19.0,1.4,17.7,0,0.2,0.0,61.8
712,2023-12-30,19:00,Saturday,December,WPD South West,11,78,low,1.0,0.0,32.6,17.6,2.5,0,1.4,0.9,43.9
713,2023-12-30,19:00,Saturday,December,SSE South,12,90,low,1.2,0.0,37.6,20.3,3.1,0,1.7,0.1,35.9
714,2023-12-30,19:00,Saturday,December,UKPN London,13,33,very low,0.0,0.0,44.9,5.0,7.4,0,1.8,0.0,40.9
715,2023-12-30,19:00,Saturday,December,UKPN South East,14,43,low,0.0,0.0,63.1,7.5,0.0,0,3.0,0.0,26.4
716,2023-12-30,19:00,Saturday,December,England,15,43,low,2.4,0.0,20.8,8.7,15.6,0,1.7,0.1,50.7
717,2023-12-30,19:00,Saturday,December,Scotland,16,5,very low,0.2,0.0,0.0,1.1,11.4,0,10.0,0.0,77.3
718,2023-12-30,19:00,Saturday,December,Wales,17,40,low,0.1,0.0,2.9,9.4,4.7,0,20.8,0.3,61.8
719,2023-12-30,19:00,Saturday,December,GB,18,38,very low,2.0,0.0,16.8,7.7,14.2,0,4.2,0.1,55.0
720,2023-12-30,19:30,Saturday,December,Scottish Hydro Electric Power Distribution,1,0,very low,0.0,0.0,0.0,0.0,0.0,0,15.8,0.0,84.2
721,2023-12-30,19:30,Saturday,December,SP Distribution,2,5,very low,0.3,0.0,0.8,1.1,15.3,0,6.9,0.0,75.6
722,2023-12-30,19:30,Saturday,December,Electricity North West,3,11,very low,0.7,0.0,7.2,2.4,36.5,0,1.8,0.0,51.4
723,2023-12-30,19:30,Saturday,December,NPG North East,4,7,very low,3.5,0.0,39.3,0.2,37.1,0,1.2,0.0,18.8
724,2023-12-30,19:30,Saturday,December,NPG Yorkshire,5,51,low,12.9,0.0,8.2,8.9,8.2,0,0.3,0.0,61.5
725,2023-12-30,19:30,Saturday,December,SP Manweb,6,17,very low,0.3,0.0,4.6,3.8,16.2,0,11.2,0.0,63.9
726,2023-12-30,19:30,Saturday,December,WPD South Wales,7,65,low,1.0,0.0,4.9,15.9,14.2,0,2.8,0.0,61.0
727,2023-12-30,19:30,Saturday,December,WPD West Midlands,8,31,very low,1.5,0.0,7.2,6.8,22.2,0,4.3,0.0,58.0
728,2023-12-30,19:30,Saturday,December,WPD East Midlands,9,73,low,4.3,0.0,7.5,16.4,6.7,0,0.1,0.0,65.0
729,2023-12-30,19:30,Saturday,December,UKPN East,10,21,very low,0.0,0.0,19.2,1.8,17.4,0,0.1,0.0,61.6
730,2023-12-30,19:30,Saturday,December,WPD South West,11,85,low,0.9,0.0,32.9,19.2,3.0,0,1.2,0.0,42.8
731,2023-12-30,19:30,Saturday,December,SSE South,12,86,low,1.0,0.0,39.5,19.0,3.7,0,1.4,0.0,35.3
732,2023-12-30,19:30,Saturday,December,UKPN London,13,32,very low,0.0,0.0,45.5,4.7,8.6,0,1.5,0.0,39.8
733,2023-12-30,19:30,Saturday,December,UKPN South East,14,40,low,0.0,0.0,64.0,6.7,0.0,0,2.5,0.0,26.8
734,2023-12-30,19:30,Saturday,December,England,15,39,very low,2.6,0.0,19.7,7.8,16.1,0,1.3,0.0,52.5
735,2023-12-30,19:30,Saturday,December,Scotland,16,6,very low,0.2,0.0,1.0,1.2,12.5,0,8.2,0.0,77.0
736,2023-12-30,19:30,Saturday,December,Wales,17,45,low,0.1,0.0,3.3,10.6,5.4,0,16.1,0.0,64.5
737,2023-12-30,19:30,Saturday,December,GB,18,35,very low,2.1,0.0,16.2,7.2,14.8,0,3.3,0.0,56.4
738,2023-12-30,20:00,Saturday,December,Scottish Hydro Electric Power Distribution,1,0,very low,0.0,0.0,0.0,0.0,0.0,0,18.0,0.0,82.0
739,2023-12-30,20:00,Saturday,December,SP Distribution,2,5,very low,0.3,0.0,0.7,0.9,15.9,0,7.8,0.0,74.3
740,2023-12-30,20:00,Saturday,December,Electricity North West,3,6,very low,0.7,0.0,6.9,1.2,36.8,0,2.1,0.0,52.3
741,2023-12-30,20:00,Saturday,December,NPG North East,4,7,very low,3.4,0.0,37.2,0.2,38.7,0,1.6,0.0,18.9
742,2023-12-30,20:00,Saturday,December,NPG Yorkshire,5,44,low,12.9,0.0,8.2,7.0,8.6,0,0.4,0.0,63.0
743,2023-12-30,20:00,Saturday,December,SP Manweb,6,10,very low,0.3,0.0,5.7,1.7,17.4,0,8.0,0.0,66.9
744,2023-12-30,20:00,Saturday,December,WPD South Wales,7,58,low,1.1,0.1,4.6,14.0,14.2,0,2.2,0.0,64.0
745,2023-12-30,20:00,Saturday,December,WPD West Midlands,8,23,very low,1.6,0.1,6.9,4.7,23.1,0,3.4,0.0,60.2
746,2023-12-30,20:00,Saturday,December,WPD East Midlands,9,66,low,4.6,0.3,7.2,13.7,6.7,0,0.2,0.0,67.4
747,2023-12-30,20:00,Saturday,December,UKPN East,10,19,very low,0.0,0.0,18.1,1.4,17.8,0,0.1,0.0,62.6
748,2023-12-30,20:00,Saturday,December,WPD South West,11,89,low,1.0,0.1,31.8,20.1,3.2,0,1.2,0.0,42.7
749,2023-12-30,20:00,Saturday,December,SSE South,12,85,low,1.1,0.1,38.1,18.7,4.2,0,1.5,0.0,36.2
750,2023-12-30,20:00,Saturday,December,UKPN London,13,27,very low,0.0,0.0,43.9,3.6,9.3,0,1.5,0.0,41.8
751,2023-12-30,20:00,Saturday,December,UKPN South East,14,34,very low,0.0,0.0,64.8,5.3,0.0,0,2.8,0.0,27.1
752,2023-12-30,20:00,Saturday,December,England,15,35,very low,2.6,0.1,21.2,6.5,16.3,0,1.3,0.0,52.1
753,2023-12-30,20:00,Saturday,December,Scotland,16,5,very low,0.2,0.0,1.6,0.9,12.5,0,8.9,0.0,75.9
754,2023-12-30,20:00,Saturday,December,Wales,17,43,low,0.1,0.0,3.2,10.3,5.6,0,13.0,0.0,67.7
755,2023-12-30,20:00,Saturday,December,GB,18,32,very low,2.1,0.1,17.4,6.0,15.0,0,3.1,0.0,56.2
756,2023-12-30,20:30,Saturday,December,Scottish Hydro Electric Power Distribution,1,0,very low,0.0,0.0,0.0,0.0,0.0,0,19.6,0.0,80.4
757,2023-12-30,20:30,Saturday,December,SP Distribution,2,5,very low,0.3,0.0,0.8,1.0,15.6,0,8.4,0.0,73.8
758,2023-12-30,20:30,Saturday,December,Electricity North West,3,4,very low,0.7,0.0,4.7,0.8,37.5,0,2.2,0.0,54.1
759,2023-12-30,20:30,Saturday,December,NPG North East,4,8,very low,3.9,0.0,28.5,0.2,43.5,0,2.1,0.0,21.8
760,2023-12-30,20:30,Saturday,December,NPG Yorkshire,5,45,low,13.0,0.0,5.7,7.3,8.5,0,0.4,0.0,65.0
761,2023-12-30,20:30,Saturday,December,SP Manweb,6,8,very low,0.4,0.0,6.5,0.9,18.1,0,5.4,0.0,68.7
762,2023-12-30,20:30,Saturday,December,WPD South Wales,7,67,low,1.0,0.3,3.0,15.8,13.1,0,1.6,0.0,65.2
763,2023-12-30,20:30,Saturday,December,WPD West Midlands,8,23,very low,1.7,0.6,4.8,3.7,24.1,0,2.7,0.0,62.5
764,2023-12-30,20:30,Saturday,December,WPD East Midlands,9,79,low,5.1,2.3,3.0,12.7,6.3,0,0.2,0.0,70.4
765,2023-12-30,20:30,Saturday,December,UKPN East,10,9,very low,0.0,0.0,4.2,1.6,20.7,0,0.0,0.0,73.5
766,2023-12-30,20:30,Saturday,December,WPD South West,11,112,low,1.2,0.5,24.2,25.7,3.6,0,1.2,0.0,43.7
767,2023-12-30,20:30,Saturday,December,SSE South,12,90,low,1.5,0.6,30.7,19.3,5.3,0,1.6,0.0,41.0
768,2023-12-30,20:30,Saturday,December,UKPN London,13,23,very low,0.0,0.0,34.8,3.8,10.9,0,1.6,0.0,48.8
769,2023-12-30,20:30,Saturday,December,UKPN South East,14,35,very low,0.0,0.0,61.4,5.8,0.8,0,3.0,0.0,29.0
770,2023-12-30,20:30,Saturday,December,England,15,37,very low,2.7,0.4,16.1,6.8,17.0,0,1.4,0.0,55.6
771,2023-12-30,20:30,Saturday,December,Scotland,16,5,very low,0.2,0.0,1.2,0.9,12.7,0,9.5,0.0,75.5
772,2023-12-30,20:30,Saturday,December,Wales,17,50,low,0.1,0.0,4.0,11.9,5.6,0,10.7,0.0,67.7
773,2023-12-30,20:30,Saturday,December,GB,18,34,very low,2.2,0.4,13.3,6.4,15.7,0,3.1,0.0,59.0
774,2023-12-30,21:00,Saturday,December,Scottish Hydro Electric Power Distribution,1,0,very low,0.0,0.0,0.0,0.0,0.0,0,19.7,0.0,80.3
775,2023-12-30,21:00,Saturday,December,SP Distribution,2,6,very low,0.3,0.0,1.0,1.2,15.5,0,8.9,0.0,73.1
776,2023-12-30,21:00,Saturday,December,Electricity North West,3,4,very low,0.7,0.0,4.2,0.7,38.7,0,2.4,0.0,53.4
777,2023-12-30,21:00,Saturday,December,NPG North East,4,8,very low,3.9,0.0,26.7,0.3,44.9,0,2.4,0.0,21.7
778,2023-12-30,21:00,Saturday,December,NPG Yorkshire,5,48,low,13.8,0.0,5.0,8.0,7.4,0,0.5,0.0,65.3
779,2023-12-30,21:00,Saturday,December,SP Manweb,6,5,very low,0.4,0.0,3.6,0.7,19.4,0,5.8,0.1,70.0
780,2023-12-30,21:00,Saturday,December,WPD South Wales,7,76,low,1.0,0.6,2.0,17.4,12.4,0,1.5,0.0,65.2
781,2023-12-30,21:00,Saturday,December,WPD West Midlands,8,29,very low,1.7,1.1,3.5,4.0,24.5,0,2.8,0.0,62.3
782,2023-12-30,21:00,Saturday,December,WPD East Midlands,9,102,low,5.0,4.5,2.4,13.4,5.5,0,0.2,0.0,69.1
783,2023-12-30,21:00,Saturday,December,UKPN East,10,7,very low,0.0,0.0,3.1,1.2,21.4,0,0.0,0.0,74.3
784,2023-12-30,21:00,Saturday,December,WPD South West,11,142,moderate,1.0,1.0,21.7,32.4,3.9,0,1.0,0.1,38.9
785,2023-12-30,21:00,Saturday,December,SSE South,12,95,low,1.4,1.6,31.2,18.4,6.1,0,1.6,0.0,39.8
786,2023-12-30,21:00,Saturday,December,UKPN London,13,20,very low,0.0,0.0,33.8,3.3,12.6,0,1.5,0.0,48.8
787,2023-12-30,21:00,Saturday,December,UKPN South East,14,32,very low,0.0,0.0,61.2,5.2,1.8,0,3.0,0.0,28.7
788,2023-12-30,21:00,Saturday,December,England,15,42,low,2.7,0.9,15.6,7.0,17.2,0,1.5,0.1,54.9
789,2023-12-30,21:00,Saturday,December,Scotland,16,6,very low,0.2,0.0,2.6,0.9,13.6,0,9.9,0.1,72.7
790,2023-12-30,21:00,Saturday,December,Wales,17,48,low,0.1,0.0,4.0,11.4,6.3,0,10.3,0.1,67.7
791,2023-12-30,21:00,Saturday,December,GB,18,38,very low,2.3,0.7,13.3,6.6,16.1,0,3.1,0.1,57.9
792,2023-12-30,21:30,Saturday,December,Scottish Hydro Electric Power Distribution,1,0,very low,0.0,0.0,0.0,0.0,0.0,0,21.4,0.0,78.6
793,2023-12-30,21:30,Saturday,December,SP Distribution,2,7,very low,0.4,0.0,0.6,1.4,15.2,0,9.1,0.0,73.3
794,2023-12-30,21:30,Saturday,December,Electricity North West,3,4,very low,0.7,0.0,2.1,0.6,39.1,0,2.3,0.0,55.1
795,2023-12-30,21:30,Saturday,December,NPG North East,4,9,very low,4.9,0.0,15.2,0.4,51.3,0,2.8,0.0,25.5
796,2023-12-30,21:30,Saturday,December,NPG Yorkshire,5,56,low,15.9,0.0,2.5,9.3,6.9,0,0.4,0.0,65.0
797,2023-12-30,21:30,Saturday,December,SP Manweb,6,6,very low,0.4,0.0,2.6,1.1,19.4,0,6.4,0.0,70.1
798,2023-12-30,21:30,Saturday,December,WPD South Wales,7,96,low,1.0,0.6,1.0,22.6,11.2,0,1.4,0.0,62.3
799,2023-12-30,21:30,Saturday,December,WPD West Midlands,8,31,very low,2.0,1.3,2.0,3.9,25.1,0,3.1,0.0,62.5
800,2023-12-30,21:30,Saturday,December,WPD East Midlands,9,116,low,6.9,5.4,1.1,14.4,4.6,0,0.2,0.0,67.5
801,2023-12-30,21:30,Saturday,December,UKPN East,10,7,very low,0.0,0.0,0.0,1.7,21.7,0,0.0,0.0,76.6
802,2023-12-30,21:30,Saturday,December,WPD South West,11,174,moderate,1.6,1.3,9.5,40.2,4.7,0,1.0,0.0,41.8
803,2023-12-30,21:30,Saturday,December,SSE South,12,116,low,2.5,2.0,15.1,23.1,7.1,0,1.5,0.0,48.6
804,2023-12-30,21:30,Saturday,December,UKPN London,13,20,very low,0.0,0.0,18.8,4.2,14.3,0,1.4,0.0,61.4
805,2023-12-30,21:30,Saturday,December,UKPN South East,14,38,very low,0.0,0.0,42.6,7.3,3.5,0,3.2,0.0,43.3
806,2023-12-30,21:30,Saturday,December,England,15,51,low,3.4,1.1,9.0,8.9,17.8,0,1.6,0.0,58.3
807,2023-12-30,21:30,Saturday,December,Scotland,16,6,very low,0.3,0.0,1.4,1.1,14.2,0,10.2,0.0,72.8
808,2023-12-30,21:30,Saturday,December,Wales,17,48,low,0.1,0.0,3.7,11.3,6.8,0,11.4,0.0,66.7
809,2023-12-30,21:30,Saturday,December,GB,18,45,low,2.8,0.9,7.8,8.1,16.7,0,3.2,0.0,60.6
810,2023-12-30,22:00,Saturday,December,Scottish Hydro Electric Power Distribution,1,0,very low,0.0,0.0,0.0,0.0,0.0,0,20.9,0.0,79.1
811,2023-12-30,22:00,Saturday,December,SP Distribution,2,10,very low,0.5,0.0,3.9,1.6,14.7,0,8.3,0.1,70.9
812,2023-12-30,22:00,Saturday,December,Electricity North West,3,4,very low,0.7,0.0,2.4,0.5,39.7,0,2.0,0.1,54.4
813,2023-12-30,22:00,Saturday,December,NPG North East,4,10,very low,5.5,0.0,14.1,0.5,51.3,0,2.8,0.3,25.5
814,2023-12-30,22:00,Saturday,December,NPG Yorkshire,5,64,low,19.0,0.0,1.8,10.3,6.0,0,0.3,0.2,62.4
815,2023-12-30,22:00,Saturday,December,SP Manweb,6,5,very low,0.4,0.0,2.2,0.7,19.7,0,4.9,0.1,72.0
816,2023-12-30,22:00,Saturday,December,WPD South Wales,7,110,low,1.1,0.5,0.8,26.4,9.8,0,1.0,0.2,60.2
817,2023-12-30,22:00,Saturday,December,WPD West Midlands,8,32,very low,2.5,1.3,2.0,4.1,24.8,0,2.4,0.1,62.8
818,2023-12-30,22:00,Saturday,December,WPD East Midlands,9,119,low,8.4,5.4,0.8,14.9,4.1,0,0.2,0.1,66.2
819,2023-12-30,22:00,Saturday,December,UKPN East,10,6,very low,0.0,0.0,0.0,1.4,21.6,0,0.0,0.0,77.0
820,2023-12-30,22:00,Saturday,December,WPD South West,11,162,moderate,2.2,1.4,9.5,36.8,5.0,0,0.9,0.0,44.2
821,2023-12-30,22:00,Saturday,December,SSE South,12,123,moderate,3.1,2.0,13.6,24.7,7.5,0,1.3,0.0,47.8
822,2023-12-30,22:00,Saturday,December,UKPN London,13,20,very low,0.0,0.0,17.3,4.1,15.0,0,1.2,0.0,62.4
823,2023-12-30,22:00,Saturday,December,UKPN South East,14,39,very low,0.0,0.0,40.2,7.7,4.4,0,3.1,0.0,44.5
824,2023-12-30,22:00,Saturday,December,England,15,53,low,4.0,1.1,8.5,9.2,18.0,0,1.5,0.0,57.7
825,2023-12-30,22:00,Saturday,December,Scotland,16,8,very low,0.3,0.0,3.1,1.2,14.1,0,9.2,0.3,71.7
826,2023-12-30,22:00,Saturday,December,Wales,17,51,low,0.2,0.0,1.4,12.5,6.4,0,9.2,0.2,70.0
827,2023-12-30,22:00,Saturday,December,GB,18,47,low,3.3,0.9,7.4,8.4,16.7,0,2.9,0.1,60.2
828,2023-12-30,22:30,Saturday,December,Scottish Hydro Electric Power Distribution,1,0,very low,0.0,0.0,0.0,0.0,0.0,0,22.5,0.0,77.5
829,2023-12-30,22:30,Saturday,December,SP Distribution,2,11,very low,0.5,0.0,3.7,1.9,15.1,0,8.5,0.0,70.4
830,2023-12-30,22:30,Saturday,December,Electricity North West,3,4,very low,0.5,0.0,0.9,0.7,40.4,0,2.1,0.0,55.4
831,2023-12-30,22:30,Saturday,December,NPG North East,4,11,very low,5.8,0.0,1.5,0.7,56.2,0,3.3,0.0,32.4
832,2023-12-30,22:30,Saturday,December,NPG Yorkshire,5,70,low,19.6,0.0,0.1,11.7,6.0,0,0.3,0.0,62.3
833,2023-12-30,22:30,Saturday,December,SP Manweb,6,6,very low,0.4,0.0,1.5,1.2,20.5,0,3.7,0.0,72.9
834,2023-12-30,22:30,Saturday,December,WPD South Wales,7,110,low,1.0,0.5,0.4,26.5,10.4,0,0.8,0.0,60.5
835,2023-12-30,22:30,Saturday,December,WPD West Midlands,8,31,very low,2.5,1.2,0.9,4.1,25.9,0,2.1,0.0,63.3
836,2023-12-30,22:30,Saturday,December,WPD East Midlands,9,118,low,9.1,5.2,0.3,14.8,4.0,0,0.2,0.0,66.5
837,2023-12-30,22:30,Saturday,December,UKPN East,10,9,very low,0.0,0.0,3.5,1.6,20.7,0,0.0,0.0,74.2
838,2023-12-30,22:30,Saturday,December,WPD South West,11,181,moderate,2.4,1.4,4.2,41.4,5.1,0,0.8,0.0,44.6
839,2023-12-30,22:30,Saturday,December,SSE South,12,131,moderate,3.6,2.1,6.4,26.7,8.1,0,1.2,0.0,51.8
840,2023-12-30,22:30,Saturday,December,UKPN London,13,20,very low,0.0,0.0,10.7,4.0,16.0,0,1.1,0.0,68.2
841,2023-12-30,22:30,Saturday,December,UKPN South East,14,41,low,0.0,0.0,24.2,8.5,5.6,0,3.5,0.0,58.2
842,2023-12-30,22:30,Saturday,December,England,15,56,low,4.2,1.0,4.6,10.0,18.3,0,1.6,0.0,60.3
843,2023-12-30,22:30,Saturday,December,Scotland,16,8,very low,0.3,0.0,3.1,1.4,14.6,0,10.3,0.0,70.2
844,2023-12-30,22:30,Saturday,December,Wales,17,48,low,0.2,0.0,1.5,11.7,7.0,0,7.4,0.0,72.2
845,2023-12-30,22:30,Saturday,December,GB,18,50,low,3.5,0.9,4.2,9.1,17.2,0,3.0,0.0,62.2
846,2023-12-30,23:00,Saturday,December,Scottish Hydro Electric Power Distribution,1,0,very low,0.0,0.0,0.0,0.0,0.0,0,22.8,0.0,77.2
847,2023-12-30,23:00,Saturday,December,SP Distribution,2,11,very low,0.5,0.0,2.9,2.0,16.0,0,8.2,0.1,70.3
848,2023-12-30,23:00,Saturday,December,Electricity North West,3,4,very low,0.5,0.0,0.7,0.8,40.6,0,1.9,0.0,55.5
849,2023-12-30,23:00,Saturday,December,NPG North East,4,11,very low,6.0,0.0,1.1,0.8,58.2,0,3.0,0.1,30.8
850,2023-12-30,23:00,Saturday,December,NPG Yorkshire,5,71,low,19.7,0.0,0.1,12.0,6.0,0,0.3,0.0,61.8
851,2023-12-30,23:00,Saturday,December,SP Manweb,6,6,very low,0.4,0.0,1.2,1.1,21.1,0,4.2,0.1,72.0
852,2023-12-30,23:00,Saturday,December,WPD South Wales,7,117,low,0.9,0.5,0.3,28.1,11.6,0,0.9,0.2,57.6
853,2023-12-30,23:00,Saturday,December,WPD West Midlands,8,29,very low,2.5,1.3,0.7,3.4,26.5,0,2.2,0.1,63.3
854,2023-12-30,23:00,Saturday,December,WPD East Midlands,9,108,low,9.3,5.4,0.3,11.6,4.3,0,0.1,0.0,68.9
855,2023-12-30,23:00,Saturday,December,UKPN East,10,12,very low,0.0,0.0,4.1,2.3,20.9,0,0.0,0.0,72.7
856,2023-12-30,23:00,Saturday,December,WPD South West,11,181,moderate,2.4,1.3,4.0,41.7,5.0,0,0.8,0.4,44.4
857,2023-12-30,23:00,Saturday,December,SSE South,12,130,moderate,3.7,2.2,6.1,26.2,7.9,0,1.3,0.2,52.4
858,2023-12-30,23:00,Saturday,December,UKPN London,13,22,very low,0.0,0.0,10.5,4.4,15.6,0,1.2,0.0,68.3
859,2023-12-30,23:00,Saturday,December,UKPN South East,14,41,low,0.0,0.0,23.4,8.5,5.0,0,3.6,0.1,59.3
860,2023-12-30,23:00,Saturday,December,England,15,56,low,4.2,1.1,4.6,9.9,18.5,0,1.5,0.0,60.2
861,2023-12-30,23:00,Saturday,December,Scotland,16,8,very low,0.4,0.0,2.3,1.4,14.3,0,11.1,0.3,70.2
862,2023-12-30,23:00,Saturday,December,Wales,17,48,low,0.2,0.0,1.1,12.0,7.3,0,7.6,0.3,71.6
863,2023-12-30,23:00,Saturday,December,GB,18,50,low,3.5,0.9,4.1,9.0,17.4,0,3.0,0.1,62.1
864,2023-12-30,23:30,Saturday,December,Scottish Hydro Electric Power Distribution,1,0,very low,0.0,0.0,0.0,0.0,0.0,0,21.6,0.0,78.4
865,2023-12-30,23:30,Saturday,December,SP Distribution,2,10,very low,0.6,0.0,2.6,1.8,23.7,0,6.5,0.0,64.9
866,2023-12-30,23:30,Saturday,December,Electricity North West,3,3,very low,0.4,0.0,0.7,0.6,41.0,0,1.7,0.0,55.6
867,2023-12-30,23:30,Saturday,December,NPG North East,4,8,very low,3.3,0.0,1.1,0.8,60.0,0,2.9,0.0,31.8
868,2023-12-30,23:30,Saturday,December,NPG Yorkshire,5,70,low,22.4,0.0,0.1,10.9,5.1,0,0.2,0.0,61.3
869,2023-12-30,23:30,Saturday,December,SP Manweb,6,4,very low,0.3,0.0,1.0,0.8,22.9,0,7.1,0.0,67.8
870,2023-12-30,23:30,Saturday,December,WPD South Wales,7,95,low,1.3,0.6,0.4,22.0,12.7,0,1.4,0.0,61.6
871,2023-12-30,23:30,Saturday,December,WPD West Midlands,8,30,very low,2.6,1.3,0.8,3.5,26.8,0,3.0,0.0,62.0
872,2023-12-30,23:30,Saturday,December,WPD East Midlands,9,110,low,9.6,5.4,0.6,12.1,4.2,0,0.1,0.0,68.1
873,2023-12-30,23:30,Saturday,December,UKPN East,10,16,very low,0.0,0.0,5.0,3.0,19.5,0,0.0,0.0,72.4
874,2023-12-30,23:30,Saturday,December,WPD South West,11,200,high,2.1,1.2,4.8,46.7,4.8,0,0.8,0.0,39.6
875,2023-12-30,23:30,Saturday,December,SSE South,12,107,low,3.8,2.1,9.0,20.4,8.0,0,1.4,0.0,55.3
876,2023-12-30,23:30,Saturday,December,UKPN London,13,33,very low,0.0,0.0,12.8,7.0,13.1,0,1.0,0.0,66.0
877,2023-12-30,23:30,Saturday,December,UKPN South East,14,62,low,0.0,0.0,26.3,13.9,3.5,0,2.8,0.0,53.4
878,2023-12-30,23:30,Saturday,December,England,15,57,low,4.5,1.1,5.4,10.0,18.9,0,1.4,0.0,58.8
879,2023-12-30,23:30,Saturday,December,Scotland,16,7,very low,0.3,0.0,2.2,1.3,15.4,0,8.4,0.0,72.4
880,2023-12-30,23:30,Saturday,December,Wales,17,37,very low,0.2,0.0,1.0,9.0,7.1,0,13.1,0.0,69.6
881,2023-12-30,23:30,Saturday,December,GB,18,50,low,3.7,0.9,4.8,9.0,17.7,0,2.9,0.0,61.0
